t,x,y,vx,vy,pitch,roll,engine_out
0.20,4.00,10.02,20.00,0.20,-0.0005,-0.0025,0
0.40,8.00,10.09,20.00,0.40,0.0043,0.0059,0
0.60,12.00,10.21,20.00,0.59,0.0124,0.0077,0
0.80,16.00,10.40,20.00,0.78,0.0104,0.0046,0
1.00,20.00,10.63,20.00,0.96,0.0179,0.0134,0
1.20,24.00,10.91,20.00,1.13,0.0191,0.0241,0
1.40,28.00,11.25,20.00,1.29,0.0187,0.0250,0
1.60,32.00,11.62,20.00,1.43,0.0209,0.0151,0
1.80,36.00,12.04,20.00,1.57,0.0242,0.0284,0
2.00,40.00,12.50,20.00,1.68,0.0273,0.0317,0
2.20,44.00,12.99,20.00,1.78,0.0318,0.0295,0
2.40,48.00,13.51,20.00,1.86,0.0252,0.0328,0
2.60,52.00,14.05,20.00,1.93,0.0321,0.0256,0
2.80,56.00,14.62,20.00,1.97,0.0300,0.0414,0
3.00,60.00,15.20,20.00,1.99,0.0265,0.0388,0
3.20,64.00,15.79,20.00,2.00,0.0289,0.0418,0
3.40,68.00,16.39,20.00,1.98,0.0282,0.0430,0
3.60,72.00,16.98,20.00,1.95,0.0272,0.0466,0
3.80,76.00,17.57,20.00,1.89,0.0189,0.0355,0
4.00,80.00,18.15,20.00,1.82,0.0230,0.0496,0
4.20,84.00,18.71,20.00,1.73,0.0157,0.0558,0
4.40,88.00,19.25,20.00,1.62,0.0118,0.0527,0
4.60,92.00,19.77,20.00,1.49,0.0091,0.0561,0
4.80,96.00,20.26,20.00,1.35,0.0105,0.0593,0
5.00,100.00,20.71,20.00,1.20,0.0076,0.0584,0
5.20,104.00,21.12,20.00,1.03,-0.0034,0.0514,0
5.40,108.00,21.49,20.00,0.85,-0.0040,0.0558,0
5.60,112.00,21.82,20.00,0.67,-0.0036,0.0516,0
5.80,116.00,22.10,20.00,0.48,-0.0130,0.0395,0
6.00,120.00,22.33,20.00,0.28,-0.0115,0.0387,0
6.20,124.00,22.51,20.00,0.08,-0.0171,0.0446,0
6.40,128.00,22.64,20.00,-0.12,-0.0229,0.0407,0
6.60,132.00,22.71,20.00,-0.32,-0.0224,0.0479,0
6.80,136.00,22.73,20.00,-0.51,-0.0277,0.0433,0
7.00,140.00,22.70,20.00,-0.70,-0.0297,0.0371,0
7.20,144.00,22.61,20.00,-0.89,-0.0266,0.0425,0
7.40,148.00,22.47,20.00,-1.06,-0.0261,0.0356,0
7.60,152.00,22.27,20.00,-1.22,-0.0309,0.0302,0
7.80,156.00,22.03,20.00,-1.38,-0.0281,0.0393,0
8.00,160.00,21.75,20.00,-1.51,-0.0270,0.0353,0
8.20,164.00,21.42,20.00,-1.64,-0.0311,0.0289,0
8.40,168.00,21.05,20.00,-1.74,-0.0282,0.0201,0
8.60,172.00,20.64,20.00,-1.83,-0.0293,0.0345,0
8.80,176.00,20.20,20.00,-1.90,-0.0219,0.0229,0
9.00,180.00,19.73,20.00,-1.96,-0.0217,0.0277,0
9.20,184.00,19.24,20.00,-1.99,-0.0192,0.0125,0
9.40,188.00,18.72,20.00,-2.00,-0.0221,0.0156,0
9.60,192.00,18.19,20.00,-1.99,-0.0102,0.0045,0
9.80,196.00,17.66,20.00,-1.96,-0.0079,0.0041,0
10.00,200.00,17.11,20.00,-1.92,-0.0118,-0.0005,0
10.20,204.00,16.57,20.00,-1.85,-0.0011,-0.0051,0
10.40,208.00,16.03,20.00,-1.77,-0.0045,-0.0022,0
10.60,212.00,15.49,20.00,-1.66,0.0007,0.0044,0
10.80,216.00,14.98,20.00,-1.55,0.0074,-0.0147,0
11.00,220.00,14.48,20.00,-1.41,0.0107,-0.0115,0
11.20,224.00,14.00,20.00,-1.26,0.0135,-0.0132,0
11.40,228.00,13.55,20.00,-1.10,0.0109,-0.0229,0
11.60,232.00,13.13,20.00,-0.93,0.0229,-0.0214,0
11.80,236.00,12.74,20.00,-0.75,0.0170,-0.0167,0
12.00,240.00,12.40,20.00,-0.56,0.0230,-0.0317,0
12.20,244.00,12.09,20.00,-0.36,0.0281,-0.0270,0
12.40,248.00,11.82,20.00,-0.17,0.0264,-0.0365,0
12.60,252.00,11.60,20.00,0.03,0.0327,-0.0246,0
12.80,256.00,11.42,20.00,0.23,0.0285,-0.0310,0
13.00,260.00,11.29,20.00,0.43,0.0250,-0.0277,0
13.20,264.00,11.21,20.00,0.62,0.0328,-0.0340,0
13.40,268.00,11.17,20.00,0.81,0.0259,-0.0446,0
13.60,272.00,11.19,20.00,0.99,0.0283,-0.0483,0
13.80,276.00,11.24,20.00,1.16,0.0304,-0.0507,0
14.00,280.00,11.35,20.00,1.31,0.0215,-0.0384,0
14.20,284.00,11.50,20.00,1.46,0.0197,-0.0363,0
14.40,288.00,11.69,20.00,1.59,0.0163,-0.0535,0
14.60,292.00,11.92,20.00,1.70,0.0175,-0.0420,0
14.80,296.00,12.19,20.00,1.80,0.0139,-0.0541,0
15.00,300.00,12.50,20.00,1.88,0.0163,-0.0475,0
15.20,304.00,12.83,20.00,1.94,0.0109,-0.0462,0
15.40,308.00,13.19,20.00,1.98,0.0090,-0.0457,0
15.60,312.00,13.58,20.00,2.00,-0.0020,-0.0585,0
15.80,316.00,13.99,20.00,2.00,0.0030,-0.0425,0
16.00,320.00,14.41,20.00,1.98,-0.0028,-0.0474,0
16.20,324.00,14.84,20.00,1.94,-0.0134,-0.0473,0
16.40,328.00,15.29,20.00,1.88,-0.0154,-0.0509,0
16.60,332.00,15.73,20.00,1.80,-0.0148,-0.0571,0
16.80,336.00,16.18,20.00,1.71,-0.0144,-0.0568,0
17.00,340.00,16.62,20.00,1.60,-0.0260,-0.0468,0
17.20,344.00,17.05,20.00,1.47,-0.0251,-0.0364,0
17.40,348.00,17.47,20.00,1.33,-0.0296,-0.0402,0
17.60,352.00,17.87,20.00,1.17,-0.0316,-0.0433,0
17.80,356.00,18.25,20.00,1.00,-0.0329,-0.0405,0
18.00,360.00,18.61,20.00,0.82,-0.0282,-0.0335,0
18.20,364.00,18.95,20.00,0.64,-0.0322,-0.0382,0
18.40,368.00,19.25,20.00,0.45,-0.0269,-0.0389,0
18.60,372.00,19.52,20.00,0.25,-0.0336,-0.0267,0
18.80,376.00,19.76,20.00,0.05,-0.0295,-0.0375,0
19.00,380.00,19.96,20.00,-0.15,-0.0291,-0.0180,0
19.20,384.00,20.13,20.00,-0.35,-0.0300,-0.0199,0
19.40,388.00,20.26,20.00,-0.54,-0.0218,-0.0146,0
19.60,392.00,20.35,20.00,-0.73,-0.0256,-0.0206,0
19.80,396.00,20.41,20.00,-0.92,-0.0153,-0.0110,0
20.00,400.00,20.42,20.00,-1.09,-0.0184,-0.0052,0
20.20,404.00,20.40,20.00,-1.25,-0.0158,-0.0153,0
20.40,408.00,20.34,20.00,-1.40,-0.0145,-0.0028,0
20.60,412.00,20.24,20.00,-1.54,-0.0038,0.0035,0
20.80,416.00,20.12,20.00,-1.66,-0.0055,-0.0067,0
21.00,420.00,19.95,20.00,-1.76,-0.0019,-0.0022,0
21.20,424.00,19.77,20.00,-1.85,0.0069,0.0114,0
21.40,428.00,19.55,20.00,-1.91,0.0116,0.0003,0
21.60,432.00,19.31,20.00,-1.96,0.0162,0.0093,0
21.80,436.00,19.04,20.00,-1.99,0.0127,0.0083,0
22.00,440.00,18.76,20.00,-2.00,0.0204,0.0205,0
22.20,444.00,18.47,20.00,-1.99,0.0243,0.0169,0
22.40,448.00,18.16,20.00,-1.96,0.0232,0.0308,0
22.60,452.00,17.84,20.00,-1.91,0.0232,0.0207,0
22.80,456.00,17.52,20.00,-1.84,0.0298,0.0234,0
23.00,460.00,17.20,20.00,-1.75,0.0325,0.0316,0
23.20,464.00,16.88,20.00,-1.65,0.0248,0.0287,0
23.40,468.00,16.56,20.00,-1.52,0.0287,0.0266,0
23.60,472.00,16.25,20.00,-1.39,0.0308,0.0353,0
23.80,476.00,15.96,20.00,-1.24,0.0259,0.0441,0
24.00,480.00,15.67,20.00,-1.07,0.0246,0.0428,0
24.20,484.00,15.41,20.00,-0.90,0.0327,0.0492,0
24.40,488.00,15.16,20.00,-0.72,0.0293,0.0463,0
24.60,492.00,14.94,20.00,-0.53,0.0248,0.0485,0
24.80,496.00,14.74,20.00,-0.33,0.0246,0.0496,0
25.00,500.00,14.56,20.00,-0.13,0.0228,0.0457,0
25.20,504.00,14.41,20.00,0.07,0.0191,0.0472,0
25.40,508.00,14.29,20.00,0.27,0.0177,0.0493,0
25.60,512.00,14.20,20.00,0.46,0.0129,0.0452,0
25.80,516.00,14.14,20.00,0.65,0.0059,0.0524,0
26.00,520.00,14.10,20.00,0.84,0.0005,0.0540,0
26.20,524.00,14.10,20.00,1.02,0.0041,0.0458,0
26.40,528.00,14.12,20.00,1.18,-0.0085,0.0520,0
26.60,532.00,14.17,20.00,1.34,-0.0063,0.0422,0
26.80,536.00,14.24,20.00,1.48,-0.0146,0.0506,0
27.00,540.00,14.34,20.00,1.61,-0.0179,0.0584,0
27.20,544.00,14.47,20.00,1.72,-0.0200,0.0487,0
27.40,548.00,14.61,20.00,1.81,-0.0226,0.0410,0
27.60,552.00,14.77,20.00,1.89,-0.0199,0.0469,0
27.80,556.00,14.95,20.00,1.94,-0.0204,0.0410,0
28.00,560.00,15.15,20.00,1.98,-0.0265,0.0414,0
28.20,564.00,15.35,20.00,2.00,-0.0307,0.0361,0
28.40,568.00,15.56,20.00,2.00,-0.0297,0.0419,0
28.60,572.00,15.78,20.00,1.97,-0.0314,0.0363,0
28.80,576.00,16.00,20.00,1.93,-0.0282,0.0436,0
29.00,580.00,16.22,20.00,1.87,-0.0345,0.0314,0
29.20,584.00,16.44,20.00,1.79,-0.0313,0.0236,0
29.40,588.00,16.66,20.00,1.69,-0.0298,0.0367,0
29.60,592.00,16.86,20.00,1.58,-0.0277,0.0306,0
29.80,596.00,17.06,20.00,1.45,-0.0250,0.0206,0
30.00,600.00,17.24,20.00,1.30,-0.0228,0.0286,0
30.20,604.00,17.41,20.00,1.14,-0.0151,0.0101,0
30.40,608.00,17.56,20.00,0.97,-0.0167,0.0155,0
30.60,612.00,17.69,20.00,0.79,-0.0117,0.0202,0
30.80,616.00,17.80,20.00,0.61,-0.0139,0.0156,0
31.00,620.00,17.88,20.00,0.41,-0.0110,-0.0011,0
31.20,624.00,17.95,20.00,0.22,-0.0086,0.0065,0
31.40,628.00,17.99,20.00,0.02,0.0042,-0.0048,0
31.60,632.00,18.01,20.00,-0.18,-0.0002,-0.0110,0
31.80,636.00,18.00,20.00,-0.38,0.0025,0.0006,0
32.00,640.00,17.97,20.00,-0.58,0.0084,-0.0178,0
32.20,644.00,17.92,20.00,-0.76,0.0099,-0.0023,0
32.40,648.00,17.84,20.00,-0.94,0.0151,-0.0055,0
32.60,652.00,17.75,20.00,-1.12,0.0238,-0.0269,0
32.80,656.00,17.63,20.00,-1.28,0.0177,-0.0240,0
33.00,660.00,17.49,20.00,-1.42,0.0202,-0.0257,0
33.20,664.00,17.34,20.00,-1.56,0.0270,-0.0182,0
33.40,668.00,17.17,20.00,-1.67,0.0282,-0.0225,0
33.60,672.00,16.99,20.00,-1.78,0.0288,-0.0228,0
33.80,676.00,16.79,20.00,-1.86,0.0345,-0.0343,0
34.00,680.00,16.59,20.00,-1.92,0.0294,-0.0351,0
34.20,684.00,16.39,20.00,-1.97,0.0280,-0.0332,0
34.40,688.00,16.18,20.00,-1.99,0.0338,-0.0294,0
34.60,692.00,15.97,20.00,-2.00,0.0314,-0.0373,0
34.80,696.00,15.77,20.00,-1.99,0.0247,-0.0403,0
35.00,700.00,15.57,20.00,-1.95,0.0256,-0.0428,0
35.20,704.00,15.38,20.00,-1.90,0.0275,-0.0430,0
35.40,708.00,15.20,20.00,-1.83,0.0178,-0.0370,0
35.60,712.00,15.03,20.00,-1.73,0.0223,-0.0572,0
35.80,716.00,14.88,20.00,-1.63,0.0144,-0.0456,0
36.00,720.00,14.75,20.00,-1.50,0.0117,-0.0447,0
36.20,724.00,14.64,20.00,-1.36,0.0094,-0.0564,0
36.40,728.00,14.55,20.00,-1.21,-0.0003,-0.0592,0
36.60,732.00,14.48,20.00,-1.04,0.0020,-0.0429,0
36.80,736.00,14.44,20.00,-0.87,0.0012,-0.0455,0
37.00,740.00,14.43,20.00,-0.68,-0.0074,-0.0507,0
37.20,744.00,14.44,20.00,-0.49,-0.0146,-0.0512,0
37.40,748.00,14.47,20.00,-0.30,-0.0151,-0.0523,0
37.60,752.00,14.54,20.00,-0.10,-0.0168,-0.0438,0
37.80,756.00,14.63,20.00,0.10,-0.0187,-0.0523,0
38.00,760.00,14.75,20.00,0.30,-0.0243,-0.0438,0
38.20,764.00,14.89,20.00,0.50,-0.0242,-0.0453,0
38.40,768.00,15.06,20.00,0.69,-0.0301,-0.0485,0
38.60,772.00,15.25,20.00,0.87,-0.0264,-0.0383,0
38.80,776.00,15.46,20.00,1.05,-0.0275,-0.0491,0
39.00,780.00,15.69,20.00,1.21,-0.0293,-0.0306,0
39.20,784.00,15.94,20.00,1.36,-0.0266,-0.0423,0
39.40,788.00,16.20,20.00,1.50,-0.0323,-0.0371,0
39.60,792.00,16.47,20.00,1.63,-0.0311,-0.0249,0
39.80,796.00,16.76,20.00,1.74,-0.0276,-0.0283,0
40.00,800.00,17.05,20.00,1.83,-0.0300,-0.0356,0
40.20,804.00,17.34,20.00,1.90,-0.0259,-0.0312,0
40.40,808.00,17.63,20.00,1.95,-0.0239,-0.0240,0
40.60,812.00,17.92,20.00,1.99,-0.0185,-0.0247,0
40.80,816.00,18.20,20.00,2.00,-0.0225,-0.0206,0
41.00,820.00,18.47,20.00,1.99,-0.0190,-0.0155,0
41.20,824.00,18.73,20.00,1.97,-0.0129,-0.0191,0
41.40,828.00,18.98,20.00,1.92,-0.0107,-0.0107,0
41.60,832.00,19.20,20.00,1.86,-0.0095,-0.0021,0
41.80,836.00,19.40,20.00,1.77,0.0025,0.0064,0
42.00,840.00,19.58,20.00,1.67,0.0070,0.0032,0
42.20,844.00,19.73,20.00,1.56,0.0054,0.0014,0
42.40,848.00,19.85,20.00,1.42,0.0104,0.0090,0
42.60,852.00,19.94,20.00,1.27,0.0161,0.0187,0
42.80,856.00,20.00,20.00,1.11,0.0194,0.0233,0
43.00,860.00,20.02,20.00,0.94,0.0204,0.0261,0
43.20,864.00,20.01,20.00,0.76,0.0233,0.0151,0
43.40,868.00,19.96,20.00,0.57,0.0267,0.0182,0
43.60,872.00,19.88,20.00,0.38,0.0220,0.0323,0
43.80,876.00,19.76,20.00,0.18,0.0323,0.0198,0
44.00,880.00,19.61,20.00,-0.02,0.0256,0.0246,0
44.20,884.00,19.42,20.00,-0.22,0.0272,0.0391,0
44.40,888.00,19.20,20.00,-0.41,0.0317,0.0400,0
44.60,892.00,18.95,20.00,-0.61,0.0301,0.0399,0
44.80,896.00,18.67,20.00,-0.80,0.0268,0.0356,0
45.00,900.00,18.36,20.00,-0.97,0.0300,0.0482,0
45.20,904.00,18.02,20.00,-1.14,0.0291,0.0339,0
45.40,908.00,17.67,20.00,-1.30,0.0241,0.0340,0
45.60,912.00,17.29,20.00,-1.45,0.0216,0.0436,0
45.80,916.00,16.90,20.00,-1.58,0.0188,0.0441,0
46.00,920.00,16.50,20.00,-1.69,0.0152,0.0564,0
46.20,924.00,16.09,20.00,-1.79,0.0121,0.0431,0
46.40,928.00,15.67,20.00,-1.87,0.0149,0.0411,0
46.60,932.00,15.26,20.00,-1.93,0.0136,0.0473,0
46.80,936.00,14.85,20.00,-1.97,0.0043,0.0582,0
47.00,940.00,14.44,20.00,-2.00,-0.0011,0.0597,0
47.20,944.00,14.05,20.00,-2.00,0.0014,0.0463,0
47.40,948.00,13.67,20.00,-1.98,-0.0058,0.0414,0
47.60,952.00,13.31,20.00,-1.94,-0.0095,0.0462,0
47.80,956.00,12.98,20.00,-1.89,-0.0077,0.0426,0
48.00,960.00,12.67,20.00,-1.81,-0.0161,0.0484,0
48.20,964.00,12.39,20.00,-1.72,-0.0168,0.0526,0
48.40,968.00,12.14,20.00,-1.61,-0.0245,0.0410,0
48.60,972.00,11.93,20.00,-1.48,-0.0269,0.0528,0
48.80,976.00,11.76,20.00,-1.34,-0.0299,0.0485,0
49.00,980.00,11.63,20.00,-1.18,-0.0232,0.0493,0
49.20,984.00,11.54,20.00,-1.02,-0.0239,0.0394,0
49.40,988.00,11.50,20.00,-0.84,-0.0271,0.0367,0
49.60,992.00,11.50,20.00,-0.65,-0.0261,0.0341,0
49.80,996.00,11.54,20.00,-0.46,-0.0302,0.0302,0
50.00,1000.00,11.63,20.00,-0.26,-0.0305,0.0292,0
50.20,1004.00,11.77,20.00,-0.07,-0.0283,0.0273,0
50.40,1008.00,11.95,20.00,0.13,-0.0298,0.0253,0
50.60,1012.00,12.17,20.00,0.33,-0.0304,0.0200,0
50.80,1016.00,12.44,20.00,0.53,-0.0262,0.0249,0
51.00,1020.00,12.74,20.00,0.72,-0.0246,0.0270,0
51.20,1024.00,13.09,20.00,0.90,-0.0210,0.0106,0
51.40,1028.00,13.46,20.00,1.07,-0.0114,0.0048,0
51.60,1032.00,13.87,20.00,1.24,-0.0103,0.0121,0
51.80,1036.00,14.31,20.00,1.39,-0.0132,0.0038,0
52.00,1040.00,14.78,20.00,1.53,-0.0113,-0.0043,0
52.20,1044.00,15.26,20.00,1.65,-0.0019,0.0031,0
52.40,1048.00,15.76,20.00,1.75,-0.0027,0.0027,0
52.60,1052.00,16.27,20.00,1.84,0.0054,-0.0058,0
52.80,1056.00,16.80,20.00,1.91,0.0063,-0.0155,0
53.00,1060.00,17.32,20.00,1.96,0.0138,-0.0136,0
53.20,1064.00,17.84,20.00,1.99,0.0184,-0.0212,0
53.40,1068.00,18.36,20.00,2.00,0.0156,-0.0113,0
53.60,1072.00,18.86,20.00,1.99,0.0203,-0.0124,0
53.80,1076.00,19.35,20.00,1.96,0.0181,-0.0115,0
54.00,1080.00,19.82,20.00,1.91,0.0209,-0.0164,0
54.20,1084.00,20.26,20.00,1.84,0.0263,-0.0276,0
54.40,1088.00,20.68,20.00,1.76,0.0240,-0.0322,0
54.60,1092.00,21.06,20.00,1.65,0.0325,-0.0379,0
54.80,1096.00,21.41,20.00,1.53,0.0328,-0.0434,0
55.00,1100.00,21.71,20.00,1.40,0.0294,-0.0292,0
55.20,1104.00,21.97,20.00,1.25,0.0262,-0.0299,0
55.40,1108.00,22.19,20.00,1.09,0.0306,-0.0382,0
55.60,1112.00,22.36,20.00,0.91,0.0288,-0.0398,0
55.80,1116.00,22.47,20.00,0.73,0.0257,-0.0417,0
56.00,1120.00,22.54,20.00,0.54,0.0227,-0.0422,0
56.20,1124.00,22.56,20.00,0.35,0.0204,-0.0470,0
56.40,1128.00,22.52,20.00,0.15,0.0194,-0.0562,0
56.60,1132.00,22.43,20.00,-0.05,0.0136,-0.0404,0
56.80,1136.00,22.28,20.00,-0.25,0.0151,-0.0407,0
57.00,1140.00,22.09,20.00,-0.45,0.0104,-0.0509,0
57.20,1144.00,21.84,20.00,-0.64,0.0111,-0.0443,0
57.40,1148.00,21.55,20.00,-0.83,0.0008,-0.0426,0
57.60,1152.00,21.21,20.00,-1.00,-0.0040,-0.0513,0
57.80,1156.00,20.83,20.00,-1.17,-0.0086,-0.0588,0
58.00,1160.00,20.41,20.00,-1.33,-0.0106,-0.0541,0
58.20,1164.00,19.95,20.00,-1.47,-0.0113,-0.0408,0
58.40,1168.00,19.46,20.00,-1.60,-0.0144,-0.0580,0
58.60,1172.00,18.94,20.00,-1.71,-0.0154,-0.0472,0
58.80,1176.00,18.40,20.00,-1.81,-0.0151,-0.0385,0
59.00,1180.00,17.84,20.00,-1.88,-0.0251,-0.0494,0
59.20,1184.00,17.27,20.00,-1.94,-0.0233,-0.0467,0
59.40,1188.00,16.68,20.00,-1.98,-0.0254,-0.0445,0
59.60,1192.00,16.09,20.00,-2.00,-0.0256,-0.0345,0
59.80,1196.00,15.51,20.00,-2.00,-0.0299,-0.0312,0
60.00,1200.00,14.93,20.00,-1.98,-0.0278,-0.0425,0
60.20,1204.00,14.36,20.00,-1.94,-0.0296,-0.0360,0
60.40,1208.00,13.80,20.00,-1.88,-0.0265,-0.0298,0
60.60,1212.00,13.27,20.00,-1.80,-0.0269,-0.0212,0
60.80,1216.00,12.77,20.00,-1.70,-0.0232,-0.0357,0
61.00,1220.00,12.30,20.00,-1.59,-0.0249,-0.0182,0
61.20,1224.00,11.86,20.00,-1.46,-0.0231,-0.0155,0
61.40,1228.00,11.46,20.00,-1.31,-0.0217,-0.0181,0
61.60,1232.00,11.10,20.00,-1.16,-0.0157,-0.0276,0
61.80,1236.00,10.79,20.00,-0.99,-0.0176,-0.0221,0
62.00,1240.00,10.53,20.00,-0.81,-0.0158,-0.0128,0
62.20,1244.00,10.31,20.00,-0.62,-0.0064,-0.0060,0
62.40,1248.00,10.16,20.00,-0.43,-0.0083,-0.0023,0
62.60,1252.00,10.05,20.00,-0.23,-0.0062,-0.0110,0
62.80,1256.00,10.00,20.00,-0.03,-0.0020,0.0070,0
63.00,1260.00,10.01,20.00,0.17,0.0049,0.0090,0
63.20,1264.00,10.07,20.00,0.37,0.0113,0.0067,0
63.40,1268.00,10.19,20.00,0.56,0.0063,0.0126,0
63.60,1272.00,10.36,20.00,0.75,0.0125,0.0100,0
63.80,1276.00,10.59,20.00,0.93,0.0146,0.0156,0
64.00,1280.00,10.87,20.00,1.10,0.0196,0.0082,0
64.20,1284.00,11.19,20.00,1.26,0.0243,0.0172,0
64.40,1288.00,11.56,20.00,1.41,0.0264,0.0232,0
64.60,1292.00,11.97,20.00,1.55,0.0266,0.0274,0
64.80,1296.00,12.42,20.00,1.67,0.0293,0.0337,0
65.00,1300.00,12.91,20.00,1.77,0.0261,0.0205,0
65.20,1304.00,13.42,20.00,1.85,0.0273,0.0267,0
65.40,1308.00,13.97,20.00,1.92,0.0266,0.0327,0
65.60,1312.00,14.53,20.00,1.97,0.0262,0.0454,0
65.80,1316.00,15.11,20.00,1.99,0.0287,0.0367,0
66.00,1320.00,15.70,20.00,2.00,0.0237,0.0374,0
66.20,1324.00,16.29,20.00,1.99,0.0284,0.0481,0
66.40,1328.00,16.89,20.00,1.95,0.0279,0.0494,0
66.60,1332.00,17.48,20.00,1.90,0.0265,0.0484,0
66.80,1336.00,18.06,20.00,1.83,0.0176,0.0478,0
67.00,1340.00,18.62,20.00,1.74,0.0137,0.0464,0
67.20,1344.00,19.17,20.00,1.64,0.0120,0.0479,0
67.40,1348.00,19.69,20.00,1.51,0.0086,0.0398,0
67.60,1352.00,20.18,20.00,1.37,0.0050,0.0558,0
67.80,1356.00,20.64,20.00,1.22,0.0008,0.0596,0
68.00,1360.00,21.06,20.00,1.06,0.0019,0.0549,0
68.20,1364.00,21.44,20.00,0.88,0.0022,0.0453,0
68.40,1368.00,21.77,20.00,0.70,-0.0058,0.0424,0
68.60,1372.00,22.06,20.00,0.51,-0.0105,0.0570,0
68.80,1376.00,22.30,20.00,0.31,-0.0081,0.0397,0
69.00,1380.00,22.49,20.00,0.11,-0.0182,0.0571,0
69.20,1384.00,22.62,20.00,-0.08,-0.0215,0.0400,0
69.40,1388.00,22.70,20.00,-0.28,-0.0244,0.0417,0
69.60,1392.00,22.73,20.00,-0.48,-0.0213,0.0546,0
69.80,1396.00,22.71,20.00,-0.67,-0.0212,0.0448,0
70.00,1400.00,22.63,20.00,-0.86,-0.0268,0.0457,0
70.20,1404.00,22.49,20.00,-1.03,-0.0330,0.0373,0
70.40,1408.00,22.31,20.00,-1.20,-0.0279,0.0479,0
70.60,1412.00,22.08,20.00,-1.35,-0.0261,0.0290,0
70.80,1416.00,21.80,20.00,-1.49,-0.0338,0.0371,0
71.00,1420.00,21.47,20.00,-1.62,-0.0254,0.0358,0
71.20,1424.00,21.11,20.00,-1.73,-0.0301,0.0256,0
71.40,1428.00,20.71,20.00,-1.82,-0.0274,0.0352,0
71.60,1432.00,20.27,20.00,-1.89,-0.0273,0.0170,0
71.80,1436.00,19.81,20.00,-1.95,-0.0284,0.0129,0
72.00,1440.00,19.32,20.00,-1.98,-0.0250,0.0169,0
72.20,1444.00,18.81,20.00,-2.00,-0.0159,0.0150,0
72.40,1448.00,18.28,20.00,-1.99,-0.0138,0.0174,0
72.60,1452.00,17.74,20.00,-1.97,-0.0168,0.0083,0
72.80,1456.00,17.20,20.00,-1.93,-0.0059,0.0109,0
73.00,1460.00,16.65,20.00,-1.86,-0.0022,-0.0003,0
73.20,1464.00,16.11,20.00,-1.78,-0.0038,0.0112,0
73.40,1468.00,15.58,20.00,-1.68,0.0012,0.0046,0
73.60,1472.00,15.06,20.00,-1.57,0.0019,-0.0098,0
73.80,1476.00,14.56,20.00,-1.43,0.0061,0.0010,0
74.00,1480.00,14.07,20.00,-1.29,0.0140,-0.0083,0
74.20,1484.00,13.62,20.00,-1.13,0.0175,-0.0094,0
74.40,1488.00,13.19,20.00,-0.96,0.0142,-0.0242,0
74.60,1492.00,12.80,20.00,-0.78,0.0191,-0.0115,0
74.80,1496.00,12.45,20.00,-0.59,0.0223,-0.0218,0
75.00,1500.00,12.13,20.00,-0.40,0.0289,-0.0266,0
75.20,1504.00,11.86,20.00,-0.20,0.0262,-0.0205,0
75.40,1508.00,11.63,20.00,0.00,0.0281,-0.0357,0
75.60,1512.00,11.45,20.00,0.20,0.0312,-0.0384,0
75.80,1516.00,11.31,20.00,0.40,0.0328,-0.0392,0
76.00,1520.00,11.22,20.00,0.59,0.0262,-0.0269,0
76.20,1524.00,11.18,20.00,0.78,0.0274,-0.0286,0
76.40,1528.00,11.18,20.00,0.96,0.0242,-0.0413,0
76.60,1532.00,11.23,20.00,1.13,0.0273,-0.0442,0
76.80,1536.00,11.33,20.00,1.29,0.0249,-0.0503,0
77.00,1540.00,11.47,20.00,1.44,0.0235,-0.0371,0
77.20,1544.00,11.66,20.00,1.57,0.0213,-0.0535,0
77.40,1548.00,11.88,20.00,1.68,0.0148,-0.0490,0
77.60,1552.00,12.15,20.00,1.78,0.0124,-0.0383,0
77.80,1556.00,12.44,20.00,1.86,0.0110,-0.0475,0
78.00,1560.00,12.77,20.00,1.93,0.0120,-0.0429,0
78.20,1564.00,13.13,20.00,1.97,0.0032,-0.0569,0
78.40,1568.00,13.52,20.00,2.00,0.0045,-0.0470,0
78.60,1572.00,13.92,20.00,2.00,-0.0027,-0.0509,0
78.80,1576.00,14.34,20.00,1.98,-0.0066,-0.0571,0
79.00,1580.00,14.77,20.00,1.95,-0.0036,-0.0440,0
79.20,1584.00,15.22,20.00,1.89,-0.0072,-0.0550,0
79.40,1588.00,15.66,20.00,1.82,-0.0179,-0.0456,0
79.60,1592.00,16.11,20.00,1.73,-0.0219,-0.0383,0
79.80,1596.00,16.55,20.00,1.62,-0.0200,-0.0517,0
80.00,1600.00,16.98,20.00,1.49,-0.0279,-0.0420,0
80.20,1604.00,17.40,20.00,1.35,-0.0209,-0.0447,0
80.40,1608.00,17.81,20.00,1.20,-0.0222,-0.0331,0
80.60,1612.00,18.20,20.00,1.03,-0.0256,-0.0367,0
80.80,1616.00,18.56,20.00,0.85,-0.0331,-0.0440,0
81.00,1620.00,18.90,20.00,0.67,-0.0269,-0.0384,0
81.20,1624.00,19.20,20.00,0.48,-0.0308,-0.0317,0
81.40,1628.00,19.48,20.00,0.28,-0.0328,-0.0333,0
81.60,1632.00,19.73,20.00,0.08,-0.0283,-0.0392,0
81.80,1636.00,19.93,20.00,-0.12,-0.0269,-0.0290,0
82.00,1640.00,20.11,20.00,-0.32,-0.0254,-0.0292,0
82.20,1644.00,20.24,20.00,-0.51,-0.0226,-0.0254,0
82.40,1648.00,20.34,20.00,-0.70,-0.0256,-0.0136,0
82.60,1652.00,20.40,20.00,-0.89,-0.0185,-0.0195,0
82.80,1656.00,20.42,20.00,-1.06,-0.0130,-0.0088,0
83.00,1660.00,20.40,20.00,-1.23,-0.0134,-0.0041,0
83.20,1664.00,20.35,20.00,-1.38,-0.0066,-0.0151,0
83.40,1668.00,20.26,20.00,-1.51,-0.0050,-0.0120,0
83.60,1672.00,20.14,20.00,-1.64,-0.0029,-0.0030,0
83.80,1676.00,19.98,20.00,-1.74,0.0039,-0.0031,0
84.00,1680.00,19.80,20.00,-1.83,0.0076,0.0083,0
84.20,1684.00,19.58,20.00,-1.90,0.0100,0.0051,0
84.40,1688.00,19.35,20.00,-1.96,0.0101,0.0142,0
84.60,1692.00,19.09,20.00,-1.99,0.0189,0.0213,0
84.80,1696.00,18.81,20.00,-2.00,0.0179,0.0101,0
85.00,1700.00,18.51,20.00,-1.99,0.0182,0.0147,0
85.20,1704.00,18.21,20.00,-1.96,0.0222,0.0302,0
85.40,1708.00,17.89,20.00,-1.92,0.0268,0.0256,0
85.60,1712.00,17.57,20.00,-1.85,0.0224,0.0282,0
85.80,1716.00,17.25,20.00,-1.77,0.0273,0.0330,0
86.00,1720.00,16.93,20.00,-1.66,0.0293,0.0211,0
86.20,1724.00,16.61,20.00,-1.54,0.0284,0.0365,0
86.40,1728.00,16.30,20.00,-1.41,0.0305,0.0288,0
86.60,1732.00,16.00,20.00,-1.26,0.0302,0.0463,0
86.80,1736.00,15.72,20.00,-1.10,0.0297,0.0308,0
87.00,1740.00,15.45,20.00,-0.93,0.0296,0.0342,0
87.20,1744.00,15.20,20.00,-0.75,0.0266,0.0335,0
87.40,1748.00,14.97,20.00,-0.56,0.0272,0.0372,0
87.60,1752.00,14.77,20.00,-0.36,0.0248,0.0431,0
87.80,1756.00,14.59,20.00,-0.16,0.0203,0.0472,0
88.00,1760.00,14.44,20.00,0.04,0.0178,0.0416,0
88.20,1764.00,14.31,20.00,0.23,0.0138,0.0549,0
88.40,1768.00,14.21,20.00,0.43,0.0064,0.0531,0
88.60,1772.00,14.15,20.00,0.62,0.0101,0.0556,0
88.80,1776.00,14.11,20.00,0.81,0.0059,0.0512,0
89.00,1780.00,14.10,20.00,0.99,-0.0031,0.0553,0
89.20,1784.00,14.11,20.00,1.16,-0.0037,0.0443,0
89.40,1788.00,14.16,20.00,1.32,-0.0046,0.0473,0
89.60,1792.00,14.23,20.00,1.46,-0.0089,0.0538,0
89.80,1796.00,14.33,20.00,1.59,-0.0165,0.0420,0
90.00,1800.00,14.45,20.00,1.70,-0.0173,0.0435,0
90.20,1804.00,14.59,20.00,1.80,-0.0157,0.0395,0
90.40,1808.00,14.75,20.00,1.88,-0.0197,0.0485,0
90.60,1812.00,14.92,20.00,1.94,-0.0248,0.0357,0
90.80,1816.00,15.11,20.00,1.98,-0.0273,0.0457,0
91.00,1820.00,15.32,20.00,2.00,-0.0276,0.0383,0
91.20,1824.00,15.53,20.00,2.00,-0.0289,0.0344,0
91.40,1828.00,15.75,20.00,1.98,-0.0305,0.0438,0
91.60,1832.00,15.97,20.00,1.94,-0.0312,0.0265,0
91.80,1836.00,16.19,20.00,1.88,-0.0303,0.0242,0
92.00,1840.00,16.41,20.00,1.80,-0.0329,0.0403,0
92.20,1844.00,16.62,20.00,1.71,-0.0332,0.0209,0
92.40,1848.00,16.83,20.00,1.60,-0.0275,0.0349,0
92.60,1852.00,17.03,20.00,1.47,-0.0276,0.0270,0
92.80,1856.00,17.21,20.00,1.32,-0.0272,0.0216,0
93.00,1860.00,17.38,20.00,1.17,-0.0200,0.0119,0
93.20,1864.00,17.53,20.00,1.00,-0.0128,0.0240,0
93.40,1868.00,17.67,20.00,0.82,-0.0114,0.0211,0
93.60,1872.00,17.78,20.00,0.64,-0.0149,0.0184,0
93.80,1876.00,17.87,20.00,0.44,-0.0115,0.0024,0
94.00,1880.00,17.94,20.00,0.25,-0.0008,0.0003,0
94.20,1884.00,17.99,20.00,0.05,-0.0006,-0.0044,0
94.40,1888.00,18.01,20.00,-0.15,0.0011,0.0067,0
94.60,1892.00,18.01,20.00,-0.35,0.0034,-0.0029,0
94.80,1896.00,17.98,20.00,-0.55,0.0065,-0.0104,0
95.00,1900.00,17.93,20.00,-0.73,0.0105,-0.0058,0
95.20,1904.00,17.86,20.00,-0.92,0.0182,-0.0239,0
95.40,1908.00,17.76,20.00,-1.09,0.0191,-0.0223,0
95.60,1912.00,17.65,20.00,-1.25,0.0225,-0.0283,0
95.80,1916.00,17.51,20.00,-1.40,0.0272,-0.0165,0
96.00,1920.00,17.36,20.00,-1.54,0.0273,-0.0210,0
96.20,1924.00,17.20,20.00,-1.66,0.0232,-0.0330,0
96.40,1928.00,17.02,20.00,-1.76,0.0294,-0.0376,0
96.60,1932.00,16.83,20.00,-1.85,0.0273,-0.0293,0
96.80,1936.00,16.63,20.00,-1.91,0.0326,-0.0373,0
97.00,1940.00,16.42,20.00,-1.96,0.0255,-0.0355,0
97.20,1944.00,16.22,20.00,-1.99,0.0292,-0.0453,0
97.40,1948.00,16.01,20.00,-2.00,0.0266,-0.0392,0
97.60,1952.00,15.80,20.00,-1.99,0.0265,-0.0345,0
97.80,1956.00,15.60,20.00,-1.96,0.0221,-0.0534,0
98.00,1960.00,15.41,20.00,-1.91,0.0238,-0.0402,0
98.20,1964.00,15.23,20.00,-1.84,0.0212,-0.0443,0
98.40,1968.00,15.06,20.00,-1.75,0.0170,-0.0427,0
98.60,1972.00,14.91,20.00,-1.64,0.0195,-0.0505,0
98.80,1976.00,14.77,20.00,-1.52,0.0097,-0.0414,0
99.00,1980.00,14.66,20.00,-1.39,0.0066,-0.0452,0
99.20,1984.00,14.56,20.00,-1.23,0.0042,-0.0422,0
99.40,1988.00,14.49,20.00,-1.07,0.0026,-0.0503,0
99.60,1992.00,14.45,20.00,-0.90,-0.0010,-0.0530,0
99.80,1996.00,14.43,20.00,-0.71,-0.0074,-0.0456,0
100.00,2000.00,14.43,20.00,-0.52,-0.0112,-0.0513,0
100.20,2004.00,14.47,20.00,-0.33,-0.0152,-0.0466,0
100.40,2008.00,14.53,20.00,-0.13,-0.0135,-0.0409,0
100.60,2012.00,14.61,20.00,0.07,-0.0168,-0.0487,0
100.80,2016.00,14.73,20.00,0.27,-0.0230,-0.0431,0
101.00,2020.00,14.86,20.00,0.46,-0.0256,-0.0523,0
101.20,2024.00,15.03,20.00,0.66,-0.0285,-0.0352,0
101.40,2028.00,15.21,20.00,0.84,-0.0262,-0.0445,0
101.60,2032.00,15.42,20.00,1.02,-0.0328,-0.0487,0
101.80,2036.00,15.65,20.00,1.19,-0.0264,-0.0462,0
102.00,2040.00,15.90,20.00,1.34,-0.0321,-0.0441,0
102.20,2044.00,16.16,20.00,1.48,-0.0320,-0.0268,0
102.40,2048.00,16.43,20.00,1.61,-0.0258,-0.0292,0
102.60,2052.00,16.71,20.00,1.72,-0.0263,-0.0222,0
102.80,2056.00,17.00,20.00,1.81,-0.0282,-0.0283,0
103.00,2060.00,17.29,20.00,1.89,-0.0296,-0.0152,0
103.20,2064.00,17.58,20.00,1.94,-0.0190,-0.0230,0
103.40,2068.00,17.87,20.00,1.98,-0.0207,-0.0180,0
103.60,2072.00,18.16,20.00,2.00,-0.0144,-0.0260,0
103.80,2076.00,18.43,20.00,2.00,-0.0187,-0.0038,0
104.00,2080.00,18.69,20.00,1.97,-0.0126,-0.0058,0
104.20,2084.00,18.94,20.00,1.93,-0.0107,-0.0062,0
104.40,2088.00,19.17,20.00,1.87,-0.0084,-0.0091,0
104.60,2092.00,19.37,20.00,1.79,-0.0012,-0.0002,0
104.80,2096.00,19.55,20.00,1.69,0.0046,-0.0025,0
105.00,2100.00,19.71,20.00,1.58,0.0036,0.0127,0
105.20,2104.00,19.83,20.00,1.44,0.0059,0.0162,0
105.40,2108.00,19.93,20.00,1.30,0.0110,0.0131,0
105.60,2112.00,19.99,20.00,1.14,0.0102,0.0139,0
105.80,2116.00,20.02,20.00,0.97,0.0229,0.0117,0
106.00,2120.00,20.01,20.00,0.79,0.0231,0.0113,0
106.20,2124.00,19.97,20.00,0.60,0.0270,0.0115,0
106.40,2128.00,19.90,20.00,0.41,0.0299,0.0208,0
106.60,2132.00,19.78,20.00,0.21,0.0288,0.0366,0
106.80,2136.00,19.64,20.00,0.01,0.0242,0.0285,0
107.00,2140.00,19.45,20.00,-0.19,0.0303,0.0291,0
107.20,2144.00,19.24,20.00,-0.38,0.0310,0.0254,0
107.40,2148.00,18.99,20.00,-0.58,0.0274,0.0411,0
107.60,2152.00,18.71,20.00,-0.77,0.0341,0.0402,0
107.80,2156.00,18.41,20.00,-0.95,0.0270,0.0373,0
108.00,2160.00,18.08,20.00,-1.12,0.0253,0.0376,0
108.20,2164.00,17.73,20.00,-1.28,0.0279,0.0476,0
108.40,2168.00,17.35,20.00,-1.42,0.0206,0.0385,0
108.60,2172.00,16.97,20.00,-1.56,0.0268,0.0494,0
108.80,2176.00,16.57,20.00,-1.68,0.0236,0.0475,0
109.00,2180.00,16.16,20.00,-1.78,0.0120,0.0419,0
109.20,2184.00,15.74,20.00,-1.86,0.0135,0.0406,0
109.40,2188.00,15.32,20.00,-1.92,0.0118,0.0485,0
109.60,2192.00,14.91,20.00,-1.97,0.0100,0.0566,0
109.80,2196.00,14.51,20.00,-1.99,0.0020,0.0559,0
110.00,2200.00,14.11,20.00,-2.00,0.0017,0.0570,0
110.20,2204.00,13.73,20.00,-1.99,-0.0026,0.0423,0
110.40,2208.00,13.37,20.00,-1.95,-0.0072,0.0456,0
110.60,2212.00,13.03,20.00,-1.90,-0.0098,0.0553,0
110.80,2216.00,12.72,20.00,-1.82,-0.0153,0.0577,0
111.00,2220.00,12.43,20.00,-1.73,-0.0153,0.0465,0
111.20,2224.00,12.18,20.00,-1.63,-0.0247,0.0414,0
111.40,2228.00,11.97,20.00,-1.50,-0.0206,0.0509,0
111.60,2232.00,11.79,20.00,-1.36,-0.0231,0.0525,0
111.80,2236.00,11.65,20.00,-1.21,-0.0222,0.0450,0
112.00,2240.00,11.55,20.00,-1.04,-0.0284,0.0371,0
112.20,2244.00,11.50,20.00,-0.87,-0.0335,0.0301,0
112.40,2248.00,11.49,20.00,-0.68,-0.0273,0.0345,0
112.60,2252.00,11.53,20.00,-0.49,-0.0301,0.0335,0
112.80,2256.00,11.61,20.00,-0.30,-0.0338,0.0342,0
113.00,2260.00,11.74,20.00,-0.10,-0.0322,0.0395,0
113.20,2264.00,11.92,20.00,0.10,-0.0313,0.0282,0
113.40,2268.00,12.13,20.00,0.30,-0.0250,0.0296,0
113.60,2272.00,12.39,20.00,0.50,-0.0284,0.0317,0
113.80,2276.00,12.69,20.00,0.69,-0.0228,0.0245,0
114.00,2280.00,13.03,20.00,0.87,-0.0233,0.0178,0
114.20,2284.00,13.40,20.00,1.05,-0.0140,0.0212,0
114.40,2288.00,13.81,20.00,1.21,-0.0182,0.0173,0
114.60,2292.00,14.24,20.00,1.37,-0.0107,0.0028,0
114.80,2296.00,14.70,20.00,1.50,-0.0073,0.0011,0
115.00,2300.00,15.18,20.00,1.63,-0.0002,0.0009,0
115.20,2304.00,15.68,20.00,1.74,0.0046,-0.0085,0
115.40,2308.00,16.19,20.00,1.83,0.0033,0.0041,0
115.60,2312.00,16.71,20.00,1.90,0.0060,-0.0087,0
115.80,2316.00,17.24,20.00,1.95,0.0106,-0.0105,0
116.00,2320.00,17.76,20.00,1.99,0.0171,-0.0023,0
116.20,2324.00,18.28,20.00,2.00,0.0175,-0.0151,0
116.40,2328.00,18.78,20.00,1.99,0.0209,-0.0146,0
116.60,2332.00,19.27,20.00,1.97,0.0217,-0.0150,0
116.80,2336.00,19.75,20.00,1.92,0.0205,-0.0144,0
117.00,2340.00,20.19,20.00,1.86,0.0311,-0.0209,0
117.20,2344.00,20.61,20.00,1.77,0.0288,-0.0351,0
117.40,2348.00,21.00,20.00,1.67,0.0327,-0.0365,0
117.60,2352.00,21.35,20.00,1.55,0.0299,-0.0421,0
117.80,2356.00,21.66,20.00,1.42,0.0283,-0.0369,0
118.00,2360.00,21.93,20.00,1.27,0.0253,-0.0332,0
118.20,2364.00,22.16,20.00,1.11,0.0286,-0.0450,0
118.40,2368.00,22.33,20.00,0.94,0.0297,-0.0377,0
118.60,2372.00,22.46,20.00,0.76,0.0222,-0.0340,0
118.80,2376.00,22.53,20.00,0.57,0.0256,-0.0536,0
119.00,2380.00,22.56,20.00,0.38,0.0196,-0.0451,0
119.20,2384.00,22.53,20.00,0.18,0.0218,-0.0486,0
119.40,2388.00,22.44,20.00,-0.02,0.0218,-0.0569,0
119.60,2392.00,22.31,20.00,-0.22,0.0157,-0.0497,0
119.80,2396.00,22.12,20.00,-0.42,0.0087,-0.0509,0
120.00,2400.00,21.89,20.00,-0.61,0.0049,-0.0586,0
120.20,2404.00,21.60,20.00,-0.80,0.0016,-0.0587,0
120.40,2408.00,21.27,20.00,-0.98,-0.0041,-0.0528,0
120.60,2412.00,20.89,20.00,-1.15,-0.0081,-0.0442,0
120.80,2416.00,20.48,20.00,-1.30,-0.0114,-0.0486,0
121.00,2420.00,20.03,20.00,-1.45,-0.0053,-0.0590,0
121.20,2424.00,19.54,20.00,-1.58,-0.0105,-0.0407,0
121.40,2428.00,19.03,20.00,-1.69,-0.0121,-0.0443,0
121.60,2432.00,18.49,20.00,-1.79,-0.0163,-0.0391,0
121.80,2436.00,17.93,20.00,-1.87,-0.0234,-0.0419,0
122.00,2440.00,17.36,20.00,-1.93,-0.0259,-0.0418,0
122.20,2444.00,16.77,20.00,-1.97,-0.0231,-0.0523,0
122.40,2448.00,16.19,20.00,-2.00,-0.0288,-0.0403,0
122.60,2452.00,15.60,20.00,-2.00,-0.0312,-0.0459,0
122.80,2456.00,15.02,20.00,-1.98,-0.0331,-0.0296,0
123.00,2460.00,14.45,20.00,-1.94,-0.0252,-0.0339,0
123.20,2464.00,13.89,20.00,-1.89,-0.0282,-0.0376,0
123.40,2468.00,13.36,20.00,-1.81,-0.0311,-0.0339,0
123.60,2472.00,12.85,20.00,-1.72,-0.0308,-0.0229,0
123.80,2476.00,12.37,20.00,-1.61,-0.0304,-0.0207,0
124.00,2480.00,11.92,20.00,-1.48,-0.0261,-0.0236,0
124.20,2484.00,11.52,20.00,-1.34,-0.0237,-0.0166,0
124.40,2488.00,11.15,20.00,-1.18,-0.0233,-0.0266,0
124.60,2492.00,10.83,20.00,-1.01,-0.0223,-0.0104,0
124.80,2496.00,10.56,20.00,-0.84,-0.0160,-0.0201,0
125.00,2500.00,10.34,20.00,-0.65,-0.0078,-0.0195,0
125.20,2504.00,10.18,20.00,-0.46,-0.0069,-0.0153,0
125.40,2508.00,10.06,20.00,-0.26,-0.0064,-0.0108,0
125.60,2512.00,10.01,20.00,-0.06,0.0025,0.0033,0
125.80,2516.00,10.00,20.00,0.14,-0.0005,0.0003,0
126.00,2520.00,10.06,20.00,0.33,0.0011,0.0133,0
126.20,2524.00,10.17,20.00,0.53,0.0087,-0.0008,0
126.40,2528.00,10.33,20.00,0.72,0.0130,0.0189,0
126.60,2532.00,10.55,20.00,0.90,0.0181,0.0047,0
126.80,2536.00,10.82,20.00,1.08,0.0157,0.0137,0
127.00,2540.00,11.13,20.00,1.24,0.0250,0.0154,0
127.20,2544.00,11.50,20.00,1.39,0.0209,0.0184,0
127.40,2548.00,11.90,20.00,1.53,0.0223,0.0328,0
127.60,2552.00,12.35,20.00,1.65,0.0271,0.0259,0
127.80,2556.00,12.83,20.00,1.75,0.0307,0.0386,0
128.00,2560.00,13.34,20.00,1.84,0.0270,0.0329,0
128.20,2564.00,13.88,20.00,1.91,0.0304,0.0401,0
128.40,2568.00,14.44,20.00,1.96,0.0333,0.0395,0
128.60,2572.00,15.01,20.00,1.99,0.0299,0.0367,0
128.80,2576.00,15.60,20.00,2.00,0.0310,0.0421,0
129.00,2580.00,16.20,20.00,1.99,0.0241,0.0509,0
129.20,2584.00,16.79,20.00,1.96,0.0264,0.0392,0
129.40,2588.00,17.38,20.00,1.91,0.0273,0.0429,0
129.60,2592.00,17.97,20.00,1.84,0.0181,0.0560,0
129.80,2596.00,18.53,20.00,1.76,0.0136,0.0481,0
130.00,2600.00,19.08,20.00,1.65,0.0111,0.0571,0
130.20,2604.00,19.61,20.00,1.53,0.0137,0.0569,0
130.40,2608.00,20.10,20.00,1.40,0.0049,0.0513,0
130.60,2612.00,20.57,20.00,1.25,0.0033,0.0447,0
130.80,2616.00,20.99,20.00,1.09,-0.0024,0.0561,0
131.00,2620.00,21.38,20.00,0.91,-0.0052,0.0466,0
131.20,2624.00,21.72,20.00,0.73,-0.0029,0.0445,0
131.40,2628.00,22.02,20.00,0.54,-0.0069,0.0578,0
131.60,2632.00,22.27,20.00,0.35,-0.0168,0.0454,0
131.80,2636.00,22.46,20.00,0.15,-0.0126,0.0388,0
132.00,2640.00,22.61,20.00,-0.05,-0.0182,0.0477,0
132.20,2644.00,22.70,20.00,-0.25,-0.0239,0.0493,0
132.40,2648.00,22.73,20.00,-0.45,-0.0194,0.0498,0
132.60,2652.00,22.71,20.00,-0.64,-0.0276,0.0488,0
132.80,2656.00,22.64,20.00,-0.83,-0.0297,0.0386,0
133.00,2660.00,22.52,20.00,-1.01,-0.0310,0.0456,0
133.20,2664.00,22.34,20.00,-1.17,-0.0320,0.0343,0
133.40,2668.00,22.12,20.00,-1.33,-0.0251,0.0357,0
133.60,2672.00,21.84,20.00,-1.47,-0.0303,0.0286,0
133.80,2676.00,21.53,20.00,-1.60,-0.0266,0.0299,0
134.00,2680.00,21.17,20.00,-1.71,-0.0253,0.0354,0
134.20,2684.00,20.77,20.00,-1.81,-0.0269,0.0358,0
134.40,2688.00,20.34,20.00,-1.88,-0.0229,0.0326,0
134.60,2692.00,19.88,20.00,-1.94,-0.0196,0.0129,0
134.80,2696.00,19.40,20.00,-1.98,-0.0257,0.0126,0
135.00,2700.00,18.89,20.00,-2.00,-0.0174,0.0114,0
135.20,2704.00,18.36,20.00,-2.00,-0.0149,0.0173,0
135.40,2708.00,17.83,20.00,-1.98,-0.0155,0.0094,0
135.60,2712.00,17.28,20.00,-1.93,-0.0081,0.0030,0
135.80,2716.00,16.74,20.00,-1.87,-0.0102,0.0025,0
136.00,2720.00,16.20,20.00,-1.80,0.0000,0.0091,0
136.20,2724.00,15.66,20.00,-1.70,-0.0038,-0.0012,0
136.40,2728.00,15.14,20.00,-1.59,0.0036,0.0011,0
136.60,2732.00,14.63,20.00,-1.46,0.0126,-0.0020,0
136.80,2736.00,14.15,20.00,-1.31,0.0162,-0.0114,0
137.00,2740.00,13.69,20.00,-1.15,0.0137,-0.0221,0
137.20,2744.00,13.26,20.00,-0.99,0.0149,-0.0137,0
137.40,2748.00,12.86,20.00,-0.81,0.0183,-0.0135,0
137.60,2752.00,12.50,20.00,-0.62,0.0211,-0.0144,0
137.80,2756.00,12.18,20.00,-0.43,0.0237,-0.0239,0
138.00,2760.00,11.90,20.00,-0.23,0.0272,-0.0292,0
138.20,2764.00,11.66,20.00,-0.03,0.0307,-0.0249,0
138.40,2768.00,11.47,20.00,0.17,0.0328,-0.0299,0
138.60,2772.00,11.33,20.00,0.37,0.0265,-0.0307,0
138.80,2776.00,11.23,20.00,0.56,0.0258,-0.0406,0
139.00,2780.00,11.18,20.00,0.75,0.0339,-0.0447,0
139.20,2784.00,11.18,20.00,0.93,0.0246,-0.0346,0
139.40,2788.00,11.22,20.00,1.10,0.0253,-0.0347,0
139.60,2792.00,11.31,20.00,1.27,0.0240,-0.0336,0
139.80,2796.00,11.45,20.00,1.41,0.0244,-0.0442,0
140.00,2800.00,11.63,20.00,1.55,0.0197,-0.0533,0
140.20,2804.00,11.84,20.00,1.67,0.0203,-0.0553,0
140.40,2808.00,12.10,20.00,1.77,0.0171,-0.0523,0
140.60,2812.00,12.40,20.00,1.85,0.0149,-0.0550,0
140.80,2816.00,12.72,20.00,1.92,0.0127,-0.0545,0
141.00,2820.00,13.07,20.00,1.97,0.0094,-0.0427,0
141.20,2824.00,13.45,20.00,1.99,0.0005,-0.0408,0
141.40,2828.00,13.85,20.00,2.00,0.0036,-0.0499,0
141.60,2832.00,14.27,20.00,1.99,-0.0024,-0.0505,0
141.80,2836.00,14.70,20.00,1.95,-0.0077,-0.0415,0
142.00,2840.00,15.14,20.00,1.90,-0.0068,-0.0526,0
142.20,2844.00,15.59,20.00,1.83,-0.0125,-0.0425,0
142.40,2848.00,16.04,20.00,1.74,-0.0154,-0.0415,0
142.60,2852.00,16.48,20.00,1.63,-0.0229,-0.0551,0
142.80,2856.00,16.91,20.00,1.51,-0.0195,-0.0530,0
143.00,2860.00,17.34,20.00,1.37,-0.0289,-0.0494,0
143.20,2864.00,17.75,20.00,1.22,-0.0234,-0.0342,0
143.40,2868.00,18.14,20.00,1.06,-0.0233,-0.0479,0
143.60,2872.00,18.50,20.00,0.88,-0.0336,-0.0479,0
143.80,2876.00,18.84,20.00,0.70,-0.0261,-0.0451,0
144.00,2880.00,19.16,20.00,0.51,-0.0260,-0.0270,0
144.20,2884.00,19.44,20.00,0.31,-0.0287,-0.0234,0
144.40,2888.00,19.69,20.00,0.11,-0.0287,-0.0221,0
144.60,2892.00,19.90,20.00,-0.09,-0.0266,-0.0348,0
144.80,2896.00,20.08,20.00,-0.29,-0.0236,-0.0172,0
145.00,2900.00,20.22,20.00,-0.48,-0.0235,-0.0162,0
145.20,2904.00,20.33,20.00,-0.67,-0.0223,-0.0277,0
145.40,2908.00,20.39,20.00,-0.86,-0.0199,-0.0207,0
145.60,2912.00,20.42,20.00,-1.03,-0.0212,-0.0074,0
145.80,2916.00,20.41,20.00,-1.20,-0.0188,-0.0090,0
146.00,2920.00,20.36,20.00,-1.35,-0.0114,-0.0121,0
146.20,2924.00,20.28,20.00,-1.49,-0.0030,0.0039,0
146.40,2928.00,20.16,20.00,-1.62,-0.0017,-0.0045,0
146.60,2932.00,20.01,20.00,-1.73,-0.0041,0.0001,0
146.80,2936.00,19.83,20.00,-1.82,0.0007,0.0034,0
147.00,2940.00,19.62,20.00,-1.89,0.0047,0.0043,0
147.20,2944.00,19.39,20.00,-1.95,0.0090,0.0092,0
147.40,2948.00,19.13,20.00,-1.98,0.0093,0.0158,0
147.60,2952.00,18.85,20.00,-2.00,0.0190,0.0081,0
147.80,2956.00,18.56,20.00,-1.99,0.0190,0.0090,0
148.00,2960.00,18.26,20.00,-1.97,0.0192,0.0240,0
148.20,2964.00,17.94,20.00,-1.93,0.0238,0.0193,0
148.40,2968.00,17.62,20.00,-1.86,0.0222,0.0167,0
148.60,2972.00,17.30,20.00,-1.78,0.0234,0.0192,0
148.80,2976.00,16.98,20.00,-1.68,0.0264,0.0278,0
149.00,2980.00,16.66,20.00,-1.56,0.0340,0.0336,0
149.20,2984.00,16.35,20.00,-1.43,0.0259,0.0351,0
149.40,2988.00,16.05,20.00,-1.29,0.0303,0.0272,0
149.60,2992.00,15.76,20.00,-1.13,0.0306,0.0416,0
149.80,2996.00,15.49,20.00,-0.96,0.0329,0.0458,0
150.00,3000.00,15.24,20.00,-0.78,0.0262,0.0457,0
150.20,3004.00,15.01,20.00,-0.59,0.0238,0.0460,0
150.40,3008.00,14.80,20.00,-0.39,0.0273,0.0366,0
150.60,3012.00,14.62,20.00,-0.20,0.0238,0.0453,0
150.80,3016.00,14.46,20.00,0.00,0.0196,0.0427,0
151.00,3020.00,14.33,20.00,0.20,0.0183,0.0507,0
151.20,3024.00,14.23,20.00,0.40,0.0094,0.0500,0
151.40,3028.00,14.16,20.00,0.59,0.0080,0.0592,0
151.60,3032.00,14.11,20.00,0.78,0.0065,0.0598,0
151.80,3036.00,14.10,20.00,0.96,-0.0033,0.0525,0
152.00,3040.00,14.11,20.00,1.13,-0.0012,0.0507,0
152.20,3044.00,14.15,20.00,1.29,-0.0093,0.0523,0
152.40,3048.00,14.22,20.00,1.44,-0.0070,0.0585,0
152.60,3052.00,14.31,20.00,1.57,-0.0159,0.0416,0
152.80,3056.00,14.43,20.00,1.68,-0.0148,0.0399,0
153.00,3060.00,14.56,20.00,1.78,-0.0202,0.0528,0
153.20,3064.00,14.72,20.00,1.87,-0.0240,0.0432,0
153.40,3068.00,14.89,20.00,1.93,-0.0208,0.0543,0
153.60,3072.00,15.08,20.00,1.97,-0.0227,0.0486,0
153.80,3076.00,15.28,20.00,2.00,-0.0324,0.0339,0
154.00,3080.00,15.49,20.00,2.00,-0.0312,0.0389,0
154.20,3084.00,15.71,20.00,1.98,-0.0264,0.0345,0
154.40,3088.00,15.93,20.00,1.95,-0.0322,0.0300,0
154.60,3092.00,16.15,20.00,1.89,-0.0314,0.0378,0
154.80,3096.00,16.37,20.00,1.82,-0.0311,0.0386,0
155.00,3100.00,16.59,20.00,1.72,-0.0275,0.0225,0
155.20,3104.00,16.80,20.00,1.61,-0.0248,0.0222,0
155.40,3108.00,17.00,20.00,1.49,-0.0233,0.0285,0
155.60,3112.00,17.18,20.00,1.35,-0.0222,0.0126,0
155.80,3116.00,17.35,20.00,1.19,-0.0245,0.0179,0
156.00,3120.00,17.51,20.00,1.03,-0.0226,0.0091,0
156.20,3124.00,17.65,20.00,0.85,-0.0181,0.0225,0
156.40,3128.00,17.76,20.00,0.67,-0.0115,0.0136,0
156.60,3132.00,17.86,20.00,0.48,-0.0103,0.0129,0
156.80,3136.00,17.93,20.00,0.28,-0.0094,0.0091,0
157.00,3140.00,17.98,20.00,0.08,-0.0016,-0.0003,0
157.20,3144.00,18.01,20.00,-0.12,0.0009,-0.0033,0
157.40,3148.00,18.01,20.00,-0.32,0.0010,-0.0035,0
157.60,3152.00,17.98,20.00,-0.51,0.0138,-0.0115,0
157.80,3156.00,17.94,20.00,-0.70,0.0162,-0.0101,0
158.00,3160.00,17.87,20.00,-0.89,0.0176,-0.0145,0
158.20,3164.00,17.78,20.00,-1.06,0.0158,-0.0166,0
158.40,3168.00,17.67,20.00,-1.23,0.0252,-0.0287,0
158.60,3172.00,17.54,20.00,-1.38,0.0216,-0.0148,0
158.80,3176.00,17.39,20.00,-1.52,0.0269,-0.0238,0
159.00,3180.00,17.22,20.00,-1.64,0.0278,-0.0211,0
159.20,3184.00,17.05,20.00,-1.74,0.0240,-0.0327,0
159.40,3188.00,16.86,20.00,-1.83,0.0304,-0.0357,0
159.60,3192.00,16.66,20.00,-1.90,0.0294,-0.0268,0
159.80,3196.00,16.46,20.00,-1.96,0.0262,-0.0319,0
160.00,3200.00,16.25,20.00,-1.99,0.0319,-0.0402,0
160.20,3204.00,16.04,20.00,-2.00,0.0335,-0.0463,0
160.40,3208.00,15.83,20.00,-1.99,0.0259,-0.0344,0
160.60,3212.00,15.63,20.00,-1.96,0.0230,-0.0528,0
160.80,3216.00,15.44,20.00,-1.92,0.0247,-0.0455,0
161.00,3220.00,15.26,20.00,-1.85,0.0237,-0.0428,0
161.20,3224.00,15.09,20.00,-1.77,0.0199,-0.0550,0
161.40,3228.00,14.93,20.00,-1.66,0.0176,-0.0557,0
161.60,3232.00,14.79,20.00,-1.54,0.0141,-0.0449,0
161.80,3236.00,14.67,20.00,-1.41,0.0087,-0.0461,0
162.00,3240.00,14.58,20.00,-1.26,0.0088,-0.0546,0
162.20,3244.00,14.50,20.00,-1.10,-0.0008,-0.0527,0
162.40,3248.00,14.45,20.00,-0.93,-0.0024,-0.0444,0
162.60,3252.00,14.43,20.00,-0.74,-0.0028,-0.0523,0
162.80,3256.00,14.43,20.00,-0.56,-0.0126,-0.0542,0
163.00,3260.00,14.46,20.00,-0.36,-0.0115,-0.0572,0
163.20,3264.00,14.51,20.00,-0.16,-0.0166,-0.0482,0
163.40,3268.00,14.60,20.00,0.04,-0.0145,-0.0416,0
163.60,3272.00,14.71,20.00,0.24,-0.0200,-0.0413,0
163.80,3276.00,14.84,20.00,0.43,-0.0245,-0.0446,0
164.00,3280.00,15.00,20.00,0.63,-0.0231,-0.0495,0
164.20,3284.00,15.18,20.00,0.81,-0.0297,-0.0448,0
164.40,3288.00,15.39,20.00,0.99,-0.0301,-0.0489,0
164.60,3292.00,15.61,20.00,1.16,-0.0257,-0.0439,0
164.80,3296.00,15.86,20.00,1.32,-0.0259,-0.0372,0
165.00,3300.00,16.11,20.00,1.46,-0.0279,-0.0408,0
165.20,3304.00,16.38,20.00,1.59,-0.0339,-0.0312,0
165.40,3308.00,16.67,20.00,1.70,-0.0266,-0.0239,0
165.60,3312.00,16.95,20.00,1.80,-0.0308,-0.0320,0
165.80,3316.00,17.25,20.00,1.88,-0.0269,-0.0174,0
166.00,3320.00,17.54,20.00,1.94,-0.0198,-0.0304,0
166.20,3324.00,17.83,20.00,1.98,-0.0181,-0.0238,0
166.40,3328.00,18.11,20.00,2.00,-0.0187,-0.0261,0
166.60,3332.00,18.39,20.00,2.00,-0.0135,-0.0086,0
166.80,3336.00,18.65,20.00,1.98,-0.0174,-0.0152,0
167.00,3340.00,18.90,20.00,1.94,-0.0090,-0.0182,0
167.20,3344.00,19.13,20.00,1.88,-0.0079,-0.0021,0
167.40,3348.00,19.34,20.00,1.80,0.0006,-0.0048,0
167.60,3352.00,19.53,20.00,1.71,0.0031,0.0093,0
167.80,3356.00,19.68,20.00,1.59,0.0025,0.0004,0
168.00,3360.00,19.82,20.00,1.47,0.0100,0.0159,0
168.20,3364.00,19.92,20.00,1.32,0.0134,0.0147,0
168.40,3368.00,19.98,20.00,1.17,0.0102,0.0059,0
168.60,3372.00,20.02,20.00,1.00,0.0156,0.0224,0
168.80,3376.00,20.02,20.00,0.82,0.0234,0.0157,0
169.00,3380.00,19.98,20.00,0.63,0.0227,0.0126,0
169.20,3384.00,19.91,20.00,0.44,0.0236,0.0162,0
169.40,3388.00,19.80,20.00,0.25,0.0237,0.0287,0
169.60,3392.00,19.66,20.00,0.05,0.0305,0.0317,0
169.80,3396.00,19.49,20.00,-0.15,0.0341,0.0305,0
170.00,3400.00,19.28,20.00,-0.35,0.0294,0.0409,0
170.20,3404.00,19.03,20.00,-0.55,0.0292,0.0340,0
170.40,3408.00,18.76,20.00,-0.74,0.0289,0.0334,0
170.60,3412.00,18.46,20.00,-0.92,0.0326,0.0327,0
170.80,3416.00,18.13,20.00,-1.09,0.0304,0.0471,0
171.00,3420.00,17.78,20.00,-1.25,0.0262,0.0345,0
171.20,3424.00,17.41,20.00,-1.40,0.0266,0.0427,0
171.40,3428.00,17.03,20.00,-1.54,0.0211,0.0407,0
171.60,3432.00,16.63,20.00,-1.66,0.0202,0.0404,0
171.80,3436.00,16.22,20.00,-1.76,0.0178,0.0462,0
172.00,3440.00,15.81,20.00,-1.85,0.0127,0.0392,0
172.20,3444.00,15.39,20.00,-1.91,0.0066,0.0430,0
172.40,3448.00,14.98,20.00,-1.96,0.0037,0.0585,0
172.60,3452.00,14.57,20.00,-1.99,0.0005,0.0457,0
172.80,3456.00,14.17,20.00,-2.00,0.0036,0.0538,0
173.00,3460.00,13.79,20.00,-1.99,0.0008,0.0458,0
173.20,3464.00,13.42,20.00,-1.96,-0.0030,0.0419,0
173.40,3468.00,13.08,20.00,-1.91,-0.0065,0.0483,0
173.60,3472.00,12.76,20.00,-1.84,-0.0186,0.0497,0
173.80,3476.00,12.48,20.00,-1.75,-0.0216,0.0529,0
174.00,3480.00,12.22,20.00,-1.64,-0.0208,0.0435,0
174.20,3484.00,12.00,20.00,-1.52,-0.0175,0.0479,0
174.40,3488.00,11.81,20.00,-1.38,-0.0279,0.0503,0
174.60,3492.00,11.67,20.00,-1.23,-0.0263,0.0371,0
174.80,3496.00,11.57,20.00,-1.07,-0.0320,0.0351,0
175.00,3500.00,11.51,20.00,-0.90,-0.0249,0.0368,0
175.20,3504.00,11.49,20.00,-0.71,-0.0289,0.0466,0
175.40,3508.00,11.52,20.00,-0.52,-0.0343,0.0453,0
175.60,3512.00,11.60,20.00,-0.33,-0.0344,0.0364,0
175.80,3516.00,11.72,20.00,-0.13,-0.0288,0.0235,0
176.00,3520.00,11.89,20.00,0.07,-0.0300,0.0291,0
176.20,3524.00,12.10,20.00,0.27,-0.0221,0.0314,0
176.40,3528.00,12.35,20.00,0.47,-0.0216,0.0190,0
176.60,3532.00,12.64,20.00,0.66,-0.0181,0.0284,0
176.80,3536.00,12.97,20.00,0.84,-0.0162,0.0177,0
177.00,3540.00,13.34,20.00,1.02,-0.0183,0.0214,0
177.20,3544.00,13.74,20.00,1.19,-0.0145,0.0155,0
177.40,3548.00,14.17,20.00,1.34,-0.0117,0.0078,0
177.60,3552.00,14.63,20.00,1.48,-0.0109,-0.0006,0
177.80,3556.00,15.10,20.00,1.61,-0.0032,0.0016,0
178.00,3560.00,15.60,20.00,1.72,-0.0009,-0.0006,0
178.20,3564.00,16.11,20.00,1.81,0.0032,0.0052,0
178.40,3568.00,16.63,20.00,1.89,0.0079,-0.0026,0
178.60,3572.00,17.15,20.00,1.94,0.0111,-0.0043,0
178.80,3576.00,17.68,20.00,1.98,0.0160,-0.0092,0
179.00,3580.00,18.19,20.00,2.00,0.0127,-0.0068,0
179.20,3584.00,18.70,20.00,2.00,0.0208,-0.0260,0
179.40,3588.00,19.20,20.00,1.97,0.0235,-0.0197,0
179.60,3592.00,19.67,20.00,1.93,0.0281,-0.0296,0
179.80,3596.00,20.13,20.00,1.87,0.0244,-0.0191,0
180.00,3600.00,20.55,20.00,1.79,0.0297,-0.0374,0
180.20,3604.00,20.94,20.00,1.69,0.0254,-0.0313,0
180.40,3608.00,21.30,20.00,1.57,0.0303,-0.0390,0
180.60,3612.00,21.62,20.00,1.44,0.0291,-0.0312,0
180.80,3616.00,21.89,20.00,1.30,0.0281,-0.0330,0
181.00,3620.00,22.12,20.00,1.14,0.0326,-0.0393,0
181.20,3624.00,22.31,20.00,0.97,0.0295,-0.0340,0
181.40,3628.00,22.44,20.00,0.79,0.0262,-0.0440,0
181.60,3632.00,22.53,20.00,0.60,0.0298,-0.0514,0
181.80,3636.00,22.56,20.00,0.41,0.0192,-0.0398,0
182.00,3640.00,22.54,20.00,0.21,0.0229,-0.0366,0
182.20,3644.00,22.46,20.00,0.01,0.0206,-0.0573,0
182.40,3648.00,22.33,20.00,-0.19,0.0169,-0.0462,0
182.60,3652.00,22.16,20.00,-0.39,0.0161,-0.0421,0
182.80,3656.00,21.93,20.00,-0.58,0.0101,-0.0529,0
183.00,3660.00,21.65,20.00,-0.77,0.0034,-0.0416,0
183.20,3664.00,21.32,20.00,-0.95,0.0021,-0.0442,0
183.40,3668.00,20.96,20.00,-1.12,-0.0046,-0.0498,0
183.60,3672.00,20.55,20.00,-1.28,-0.0033,-0.0499,0
183.80,3676.00,20.10,20.00,-1.43,-0.0096,-0.0499,0
184.00,3680.00,19.62,20.00,-1.56,-0.0111,-0.0547,0
184.20,3684.00,19.11,20.00,-1.68,-0.0142,-0.0572,0
184.40,3688.00,18.58,20.00,-1.78,-0.0190,-0.0473,0
184.60,3692.00,18.02,20.00,-1.86,-0.0206,-0.0559,0
184.80,3696.00,17.45,20.00,-1.92,-0.0245,-0.0424,0
185.00,3700.00,16.87,20.00,-1.97,-0.0254,-0.0453,0
185.20,3704.00,16.28,20.00,-1.99,-0.0252,-0.0382,0
185.40,3708.00,15.69,20.00,-2.00,-0.0309,-0.0312,0
185.60,3712.00,15.11,20.00,-1.98,-0.0275,-0.0426,0
185.80,3716.00,14.54,20.00,-1.95,-0.0289,-0.0419,0
186.00,3720.00,13.98,20.00,-1.90,-0.0262,-0.0310,0
186.20,3724.00,13.44,20.00,-1.82,-0.0258,-0.0410,0
186.40,3728.00,12.93,20.00,-1.73,-0.0248,-0.0298,0
186.60,3732.00,12.44,20.00,-1.62,-0.0261,-0.0302,0
186.80,3736.00,11.99,20.00,-1.50,-0.0287,-0.0178,0
187.00,3740.00,11.58,20.00,-1.36,-0.0262,-0.0286,0
187.20,3744.00,11.21,20.00,-1.21,-0.0258,-0.0260,0
187.40,3748.00,10.88,20.00,-1.04,-0.0155,-0.0067,0
187.60,3752.00,10.60,20.00,-0.87,-0.0156,-0.0071,0
187.80,3756.00,10.38,20.00,-0.68,-0.0131,-0.0072,0
188.00,3760.00,10.20,20.00,-0.49,-0.0114,-0.0015,0
188.20,3764.00,10.08,20.00,-0.29,-0.0081,-0.0121,0
188.40,3768.00,10.01,20.00,-0.10,-0.0025,0.0076,0
188.60,3772.00,10.00,20.00,0.10,0.0005,0.0090,0
188.80,3776.00,10.05,20.00,0.30,0.0020,0.0126,0
189.00,3780.00,10.15,20.00,0.50,0.0107,0.0121,0
189.20,3784.00,10.30,20.00,0.69,0.0074,0.0115,0
189.40,3788.00,10.51,20.00,0.87,0.0198,0.0127,0
189.60,3792.00,10.77,20.00,1.05,0.0151,0.0111,0
189.80,3796.00,11.08,20.00,1.21,0.0212,0.0222,0
190.00,3800.00,11.44,20.00,1.37,0.0194,0.0250,0
190.20,3804.00,11.84,20.00,1.51,0.0256,0.0267,0
190.40,3808.00,12.28,20.00,1.63,0.0243,0.0211,0
190.60,3812.00,12.75,20.00,1.74,0.0313,0.0246,0
190.80,3816.00,13.26,20.00,1.83,0.0286,0.0398,0
191.00,3820.00,13.79,20.00,1.90,0.0293,0.0304,0
191.20,3824.00,14.35,20.00,1.95,0.0349,0.0436,0
191.40,3828.00,14.92,20.00,1.99,0.0284,0.0424,0
191.60,3832.00,15.51,20.00,2.00,0.0276,0.0374,0
191.80,3836.00,16.10,20.00,1.99,0.0225,0.0339,0
192.00,3840.00,16.70,20.00,1.97,0.0224,0.0527,0
192.20,3844.00,17.29,20.00,1.92,0.0264,0.0522,0
192.40,3848.00,17.87,20.00,1.86,0.0261,0.0527,0
192.60,3852.00,18.45,20.00,1.77,0.0183,0.0501,0
192.80,3856.00,19.00,20.00,1.67,0.0198,0.0481,0
193.00,3860.00,19.53,20.00,1.55,0.0132,0.0471,0
193.20,3864.00,20.03,20.00,1.42,0.0128,0.0457,0
193.40,3868.00,20.50,20.00,1.27,0.0082,0.0514,0
193.60,3872.00,20.93,20.00,1.11,-0.0015,0.0413,0
193.80,3876.00,21.32,20.00,0.94,-0.0044,0.0473,0
194.00,3880.00,21.67,20.00,0.76,-0.0070,0.0440,0
194.20,3884.00,21.98,20.00,0.57,-0.0059,0.0437,0
194.40,3888.00,22.23,20.00,0.38,-0.0070,0.0483,0
194.60,3892.00,22.43,20.00,0.18,-0.0183,0.0524,0
194.80,3896.00,22.59,20.00,-0.02,-0.0188,0.0484,0
195.00,3900.00,22.68,20.00,-0.22,-0.0256,0.0510,0
195.20,3904.00,22.73,20.00,-0.42,-0.0245,0.0403,0
195.40,3908.00,22.72,20.00,-0.61,-0.0289,0.0439,0
195.60,3912.00,22.66,20.00,-0.80,-0.0252,0.0442,0
195.80,3916.00,22.54,20.00,-0.98,-0.0317,0.0331,0
196.00,3920.00,22.37,20.00,-1.15,-0.0256,0.0445,0
196.20,3924.00,22.16,20.00,-1.30,-0.0251,0.0342,0
196.40,3928.00,21.89,20.00,-1.45,-0.0258,0.0424,0
196.60,3932.00,21.58,20.00,-1.58,-0.0308,0.0321,0
196.80,3936.00,21.23,20.00,-1.69,-0.0319,0.0237,0
197.00,3940.00,20.84,20.00,-1.79,-0.0247,0.0357,0
197.20,3944.00,20.41,20.00,-1.87,-0.0299,0.0214,0
197.40,3948.00,19.96,20.00,-1.93,-0.0279,0.0231,0
197.60,3952.00,19.47,20.00,-1.97,-0.0206,0.0224,0
197.80,3956.00,18.97,20.00,-2.00,-0.0220,0.0200,0
198.00,3960.00,18.45,20.00,-2.00,-0.0183,0.0170,0
198.20,3964.00,17.91,20.00,-1.98,-0.0175,0.0109,0
198.40,3968.00,17.37,20.00,-1.94,-0.0098,0.0075,0
198.60,3972.00,16.83,20.00,-1.89,-0.0112,0.0071,0
198.80,3976.00,16.28,20.00,-1.81,-0.0065,-0.0012,0
199.00,3980.00,15.75,20.00,-1.72,-0.0043,0.0015,0
199.20,3984.00,15.22,20.00,-1.60,-0.0004,0.0062,0
199.40,3988.00,14.71,20.00,-1.48,0.0076,0.0005,0
199.60,3992.00,14.22,20.00,-1.34,0.0063,-0.0108,0
199.80,3996.00,13.76,20.00,-1.18,0.0180,-0.0219,0
200.00,4000.00,13.33,20.00,-1.01,0.0211,-0.0054,0
200.20,4004.00,12.92,20.00,-0.84,0.0249,-0.0133,0
200.40,4008.00,12.56,20.00,-0.65,0.0248,-0.0220,0
200.60,4012.00,12.23,20.00,-0.46,0.0297,-0.0247,0
200.80,4016.00,11.94,20.00,-0.26,0.0246,-0.0208,0
201.00,4020.00,11.70,20.00,-0.06,0.0254,-0.0295,0
201.20,4024.00,11.50,20.00,0.14,0.0264,-0.0227,0
201.40,4028.00,11.35,20.00,0.34,0.0279,-0.0408,0
201.60,4032.00,11.24,20.00,0.53,0.0261,-0.0431,0
201.80,4036.00,11.18,20.00,0.72,0.0291,-0.0403,0
202.00,4040.00,11.17,20.00,0.90,0.0244,-0.0419,0
202.20,4044.00,11.21,20.00,1.08,0.0276,-0.0370,0
202.40,4048.00,11.29,20.00,1.24,0.0247,-0.0489,0
202.60,4052.00,11.42,20.00,1.39,0.0243,-0.0388,0
202.80,4056.00,11.59,20.00,1.53,0.0195,-0.0455,0
203.00,4060.00,11.81,20.00,1.65,0.0211,-0.0554,0
203.20,4064.00,12.06,20.00,1.75,0.0189,-0.0458,0
203.40,4068.00,12.35,20.00,1.84,0.0176,-0.0470,0
203.60,4072.00,12.67,20.00,1.91,0.0098,-0.0528,0
203.80,4076.00,13.02,20.00,1.96,0.0084,-0.0468,0
204.00,4080.00,13.39,20.00,1.99,0.0019,-0.0488,0
204.20,4084.00,13.79,20.00,2.00,-0.0035,-0.0427,0
204.40,4088.00,14.21,20.00,1.99,-0.0028,-0.0489,0
204.60,4092.00,14.63,20.00,1.96,-0.0117,-0.0411,0
204.80,4096.00,15.07,20.00,1.91,-0.0058,-0.0433,0
205.00,4100.00,15.52,20.00,1.84,-0.0095,-0.0461,0
205.20,4104.00,15.97,20.00,1.76,-0.0179,-0.0508,0
205.40,4108.00,16.41,20.00,1.65,-0.0212,-0.0417,0
205.60,4112.00,16.85,20.00,1.53,-0.0264,-0.0435,0
205.80,4116.00,17.27,20.00,1.40,-0.0274,-0.0382,0
206.00,4120.00,17.68,20.00,1.25,-0.0294,-0.0362,0
206.20,4124.00,18.07,20.00,1.08,-0.0244,-0.0499,0
206.40,4128.00,18.45,20.00,0.91,-0.0259,-0.0398,0
206.60,4132.00,18.79,20.00,0.73,-0.0344,-0.0411,0
206.80,4136.00,19.11,20.00,0.54,-0.0259,-0.0364,0
207.00,4140.00,19.40,20.00,0.34,-0.0250,-0.0424,0
207.20,4144.00,19.65,20.00,0.14,-0.0256,-0.0385,0
207.40,4148.00,19.87,20.00,-0.05,-0.0327,-0.0195,0
207.60,4152.00,20.06,20.00,-0.25,-0.0304,-0.0349,0
207.80,4156.00,20.20,20.00,-0.45,-0.0230,-0.0304,0
208.00,4160.00,20.31,20.00,-0.64,-0.0196,-0.0265,0
208.20,4164.00,20.38,20.00,-0.83,-0.0213,-0.0133,0
208.40,4168.00,20.42,20.00,-1.01,-0.0217,-0.0249,0
208.60,4172.00,20.41,20.00,-1.17,-0.0129,-0.0102,0
208.80,4176.00,20.37,20.00,-1.33,-0.0126,-0.0145,0
209.00,4180.00,20.29,20.00,-1.47,-0.0043,0.0031,0
209.20,4184.00,20.18,20.00,-1.60,-0.0041,-0.0060,0
209.40,4188.00,20.04,20.00,-1.71,0.0028,0.0066,0
209.60,4192.00,19.86,20.00,-1.81,0.0015,0.0086,0
209.80,4196.00,19.65,20.00,-1.88,0.0024,0.0055,0
210.00,4200.00,19.42,20.00,-1.94,0.0086,0.0181,0
210.20,4204.00,19.17,20.00,-1.98,0.0109,0.0115,0
210.40,4208.00,18.90,20.00,-2.00,0.0114,0.0163,0
210.60,4212.00,18.61,20.00,-2.00,0.0224,0.0240,0
210.80,4216.00,18.31,20.00,-1.98,0.0182,0.0126,0
211.00,4220.00,17.99,20.00,-1.93,0.0263,0.0304,0
211.20,4224.00,17.67,20.00,-1.87,0.0215,0.0193,0
211.40,4228.00,17.35,20.00,-1.80,0.0300,0.0186,0
211.60,4232.00,17.03,20.00,-1.70,0.0299,0.0283,0
211.80,4236.00,16.71,20.00,-1.58,0.0279,0.0287,0
212.00,4240.00,16.40,20.00,-1.45,0.0282,0.0430,0
212.20,4244.00,16.10,20.00,-1.31,0.0289,0.0456,0
212.40,4248.00,15.81,20.00,-1.15,0.0295,0.0343,0
212.60,4252.00,15.53,20.00,-0.98,0.0268,0.0331,0
212.80,4256.00,15.28,20.00,-0.80,0.0276,0.0413,0
213.00,4260.00,15.04,20.00,-0.62,0.0286,0.0355,0
213.20,4264.00,14.83,20.00,-0.43,0.0206,0.0445,0
213.40,4268.00,14.64,20.00,-0.23,0.0172,0.0530,0
213.60,4272.00,14.48,20.00,-0.03,0.0163,0.0546,0
213.80,4276.00,14.35,20.00,0.17,0.0106,0.0560,0
214.00,4280.00,14.24,20.00,0.37,0.0139,0.0494,0
214.20,4284.00,14.16,20.00,0.56,0.0089,0.0462,0
214.40,4288.00,14.12,20.00,0.75,0.0059,0.0574,0
214.60,4292.00,14.10,20.00,0.93,-0.0020,0.0461,0
214.80,4296.00,14.11,20.00,1.11,0.0013,0.0554,0
215.00,4300.00,14.14,20.00,1.27,-0.0065,0.0401,0
215.20,4304.00,14.21,20.00,1.41,-0.0092,0.0399,0
215.40,4308.00,14.29,20.00,1.55,-0.0089,0.0502,0
215.60,4312.00,14.41,20.00,1.67,-0.0136,0.0391,0
215.80,4316.00,14.54,20.00,1.77,-0.0208,0.0402,0
216.00,4320.00,14.69,20.00,1.85,-0.0196,0.0554,0
216.20,4324.00,14.87,20.00,1.92,-0.0211,0.0369,0
216.40,4328.00,15.05,20.00,1.97,-0.0279,0.0347,0
216.60,4332.00,15.25,20.00,1.99,-0.0269,0.0466,0
216.80,4336.00,15.46,20.00,2.00,-0.0256,0.0381,0
217.00,4340.00,15.68,20.00,1.99,-0.0345,0.0422,0
217.20,4344.00,15.90,20.00,1.95,-0.0309,0.0330,0
217.40,4348.00,16.12,20.00,1.90,-0.0326,0.0433,0
217.60,4352.00,16.34,20.00,1.83,-0.0326,0.0355,0
217.80,4356.00,16.56,20.00,1.74,-0.0300,0.0269,0
218.00,4360.00,16.77,20.00,1.63,-0.0309,0.0296,0
218.20,4364.00,16.97,20.00,1.51,-0.0255,0.0251,0
218.40,4368.00,17.15,20.00,1.37,-0.0206,0.0282,0
218.60,4372.00,17.33,20.00,1.22,-0.0164,0.0140,0
218.80,4376.00,17.49,20.00,1.06,-0.0209,0.0071,0
219.00,4380.00,17.63,20.00,0.88,-0.0186,0.0157,0
219.20,4384.00,17.75,20.00,0.70,-0.0109,0.0182,0
219.40,4388.00,17.84,20.00,0.51,-0.0138,0.0162,0
219.60,4392.00,17.92,20.00,0.31,-0.0096,0.0019,0
219.80,4396.00,17.97,20.00,0.11,0.0030,-0.0036,0
220.00,4400.00,18.00,20.00,-0.09,-0.0030,-0.0088,0
220.20,4404.00,18.01,20.00,-0.29,0.0065,-0.0085,0
220.40,4408.00,17.99,20.00,-0.48,0.0075,-0.0047,0
220.60,4412.00,17.95,20.00,-0.67,0.0105,-0.0092,0
220.80,4416.00,17.88,20.00,-0.86,0.0164,-0.0097,0
221.00,4420.00,17.79,20.00,-1.04,0.0208,-0.0218,0
221.20,4424.00,17.69,20.00,-1.20,0.0230,-0.0135,0
221.40,4428.00,17.56,20.00,-1.35,0.0257,-0.0231,0
221.60,4432.00,17.41,20.00,-1.49,0.0215,-0.0326,0
221.80,4436.00,17.25,20.00,-1.62,0.0255,-0.0175,0
222.00,4440.00,17.07,20.00,-1.73,0.0300,-0.0305,0
222.20,4444.00,16.89,20.00,-1.82,0.0294,-0.0412,0
222.40,4448.00,16.69,20.00,-1.89,0.0311,-0.0429,0
222.60,4452.00,16.49,20.00,-1.95,0.0297,-0.0422,0
222.80,4456.00,16.28,20.00,-1.98,0.0275,-0.0330,0
223.00,4460.00,16.07,20.00,-2.00,0.0327,-0.0421,0
223.20,4464.00,15.87,20.00,-1.99,0.0323,-0.0383,0
223.40,4468.00,15.67,20.00,-1.97,0.0221,-0.0452,0
223.60,4472.00,15.47,20.00,-1.93,0.0273,-0.0360,0
223.80,4476.00,15.28,20.00,-1.86,0.0172,-0.0532,0
224.00,4480.00,15.11,20.00,-1.78,0.0213,-0.0501,0
224.20,4484.00,14.95,20.00,-1.68,0.0173,-0.0449,0
224.40,4488.00,14.81,20.00,-1.56,0.0132,-0.0582,0
224.60,4492.00,14.69,20.00,-1.43,0.0135,-0.0585,0
224.80,4496.00,14.59,20.00,-1.28,0.0082,-0.0536,0
225.00,4500.00,14.51,20.00,-1.12,-0.0011,-0.0554,0
225.20,4504.00,14.46,20.00,-0.95,0.0019,-0.0583,0
225.40,4508.00,14.43,20.00,-0.77,-0.0091,-0.0430,0
225.60,4512.00,14.43,20.00,-0.59,-0.0056,-0.0475,0
225.80,4516.00,14.45,20.00,-0.39,-0.0119,-0.0407,0
226.00,4520.00,14.50,20.00,-0.19,-0.0112,-0.0549,0
226.20,4524.00,14.58,20.00,0.01,-0.0198,-0.0453,0
226.40,4528.00,14.69,20.00,0.20,-0.0198,-0.0467,0
226.60,4532.00,14.82,20.00,0.40,-0.0182,-0.0552,0
226.80,4536.00,14.97,20.00,0.60,-0.0209,-0.0458,0
227.00,4540.00,15.15,20.00,0.78,-0.0266,-0.0349,0
227.20,4544.00,15.35,20.00,0.96,-0.0240,-0.0322,0
227.40,4548.00,15.58,20.00,1.13,-0.0247,-0.0439,0
227.60,4552.00,15.82,20.00,1.29,-0.0295,-0.0423,0
227.80,4556.00,16.07,20.00,1.44,-0.0341,-0.0278,0
228.00,4560.00,16.34,20.00,1.57,-0.0255,-0.0313,0
228.20,4564.00,16.62,20.00,1.69,-0.0323,-0.0322,0
228.40,4568.00,16.91,20.00,1.78,-0.0294,-0.0252,0
228.60,4572.00,17.20,20.00,1.87,-0.0296,-0.0269,0
228.80,4576.00,17.49,20.00,1.93,-0.0204,-0.0179,0
229.00,4580.00,17.78,20.00,1.97,-0.0247,-0.0207,0
229.20,4584.00,18.07,20.00,2.00,-0.0166,-0.0149,0
229.40,4588.00,18.35,20.00,2.00,-0.0139,-0.0229,0
229.60,4592.00,18.61,20.00,1.98,-0.0182,-0.0122,0
229.80,4596.00,18.86,20.00,1.95,-0.0083,-0.0178,0
230.00,4600.00,19.10,20.00,1.89,-0.0023,-0.0093,0
230.20,4604.00,19.31,20.00,1.82,0.0008,0.0011,0
230.40,4608.00,19.50,20.00,1.72,0.0020,0.0101,0
230.60,4612.00,19.66,20.00,1.61,0.0044,0.0082,0
230.80,4616.00,19.80,20.00,1.49,0.0038,0.0072,0
231.00,4620.00,19.90,20.00,1.35,0.0114,0.0179,0
231.20,4624.00,19.98,20.00,1.19,0.0184,0.0212,0
231.40,4628.00,20.02,20.00,1.03,0.0163,0.0202,0
231.60,4632.00,20.02,20.00,0.85,0.0207,0.0270,0
231.80,4636.00,19.99,20.00,0.66,0.0258,0.0258,0
232.00,4640.00,19.93,20.00,0.47,0.0265,0.0136,0
232.20,4644.00,19.82,20.00,0.28,0.0251,0.0344,0
232.40,4648.00,19.69,20.00,0.08,0.0285,0.0316,0
232.60,4652.00,19.52,20.00,-0.12,0.0249,0.0244,0
232.80,4656.00,19.31,20.00,-0.32,0.0344,0.0403,0
233.00,4660.00,19.07,20.00,-0.52,0.0269,0.0332,0
233.20,4664.00,18.81,20.00,-0.71,0.0281,0.0390,0
233.40,4668.00,18.51,20.00,-0.89,0.0269,0.0314,0
233.60,4672.00,18.19,20.00,-1.06,0.0288,0.0369,0
233.80,4676.00,17.84,20.00,-1.23,0.0268,0.0446,0
234.00,4680.00,17.47,20.00,-1.38,0.0208,0.0460,0
234.20,4684.00,17.09,20.00,-1.52,0.0238,0.0379,0
234.40,4688.00,16.69,20.00,-1.64,0.0169,0.0504,0
234.60,4692.00,16.29,20.00,-1.75,0.0159,0.0416,0
234.80,4696.00,15.87,20.00,-1.83,0.0125,0.0394,0
235.00,4700.00,15.46,20.00,-1.90,0.0157,0.0527,0
235.20,4704.00,15.04,20.00,-1.96,0.0096,0.0591,0
235.40,4708.00,14.63,20.00,-1.99,0.0034,0.0408,0
235.60,4712.00,14.23,20.00,-2.00,0.0017,0.0541,0
235.80,4716.00,13.85,20.00,-1.99,-0.0082,0.0411,0
236.00,4720.00,13.48,20.00,-1.96,-0.0076,0.0578,0
236.20,4724.00,13.13,20.00,-1.92,-0.0095,0.0523,0
236.40,4728.00,12.81,20.00,-1.85,-0.0143,0.0521,0
236.60,4732.00,12.52,20.00,-1.76,-0.0123,0.0444,0
236.80,4736.00,12.26,20.00,-1.66,-0.0181,0.0418,0
237.00,4740.00,12.03,20.00,-1.54,-0.0208,0.0484,0
237.20,4744.00,11.84,20.00,-1.41,-0.0245,0.0510,0
237.40,4748.00,11.69,20.00,-1.26,-0.0269,0.0333,0
237.60,4752.00,11.58,20.00,-1.10,-0.0271,0.0351,0
237.80,4756.00,11.51,20.00,-0.92,-0.0263,0.0378,0
238.00,4760.00,11.49,20.00,-0.74,-0.0260,0.0314,0
238.20,4764.00,11.51,20.00,-0.55,-0.0304,0.0374,0
238.40,4768.00,11.58,20.00,-0.36,-0.0284,0.0389,0
238.60,4772.00,11.70,20.00,-0.16,-0.0260,0.0310,0
238.80,4776.00,11.86,20.00,0.04,-0.0265,0.0196,0
239.00,4780.00,12.06,20.00,0.24,-0.0267,0.0208,0
239.20,4784.00,12.30,20.00,0.44,-0.0267,0.0292,0
239.40,4788.00,12.59,20.00,0.63,-0.0202,0.0305,0
239.60,4792.00,12.92,20.00,0.81,-0.0252,0.0144,0
239.80,4796.00,13.28,20.00,0.99,-0.0163,0.0234,0
240.00,4800.00,13.67,20.00,1.16,-0.0197,0.0061,0
240.20,4804.00,14.10,20.00,1.32,-0.0095,0.0151,0
240.40,4808.00,14.55,20.00,1.46,-0.0098,0.0058,0
240.60,4812.00,15.03,20.00,1.59,-0.0084,0.0045,0
240.80,4816.00,15.52,20.00,1.70,0.0040,-0.0084,0
241.00,4820.00,16.03,20.00,1.80,0.0046,-0.0088,0
241.20,4824.00,16.55,20.00,1.88,0.0100,-0.0049,0
241.40,4828.00,17.07,20.00,1.94,0.0076,-0.0010,0
241.60,4832.00,17.59,20.00,1.98,0.0119,-0.0011,0
241.80,4836.00,18.11,20.00,2.00,0.0114,-0.0188,0
242.00,4840.00,18.62,20.00,2.00,0.0200,-0.0206,0
242.20,4844.00,19.12,20.00,1.98,0.0215,-0.0153,0
242.40,4848.00,19.60,20.00,1.94,0.0278,-0.0299,0
242.60,4852.00,20.05,20.00,1.88,0.0240,-0.0186,0
242.80,4856.00,20.48,20.00,1.80,0.0247,-0.0334,0
243.00,4860.00,20.88,20.00,1.71,0.0258,-0.0250,0
243.20,4864.00,21.25,20.00,1.59,0.0331,-0.0366,0
243.40,4868.00,21.57,20.00,1.47,0.0274,-0.0280,0
243.60,4872.00,21.85,20.00,1.32,0.0263,-0.0278,0
243.80,4876.00,22.09,20.00,1.17,0.0289,-0.0405,0
244.00,4880.00,22.28,20.00,1.00,0.0249,-0.0400,0
244.20,4884.00,22.42,20.00,0.82,0.0292,-0.0507,0
244.40,4888.00,22.52,20.00,0.63,0.0282,-0.0353,0
244.60,4892.00,22.56,20.00,0.44,0.0269,-0.0498,0
244.80,4896.00,22.54,20.00,0.24,0.0205,-0.0453,0
245.00,4900.00,22.48,20.00,0.04,0.0136,-0.0456,0
245.20,4904.00,22.36,20.00,-0.16,0.0163,-0.0478,0
245.40,4908.00,22.19,20.00,-0.35,0.0151,-0.0517,0
245.60,4912.00,21.97,20.00,-0.55,0.0129,-0.0452,0
245.80,4916.00,21.70,20.00,-0.74,0.0016,-0.0428,0
246.00,4920.00,21.38,20.00,-0.92,0.0028,-0.0590,0
246.20,4924.00,21.02,20.00,-1.09,0.0021,-0.0415,0
246.40,4928.00,20.62,20.00,-1.25,-0.0038,-0.0558,0
246.60,4932.00,20.17,20.00,-1.40,-0.0123,-0.0590,0
246.80,4936.00,19.70,20.00,-1.54,-0.0112,-0.0516,0
247.00,4940.00,19.19,20.00,-1.66,-0.0170,-0.0494,0
247.20,4944.00,18.66,20.00,-1.76,-0.0154,-0.0382,0
247.40,4948.00,18.11,20.00,-1.85,-0.0229,-0.0380,0
247.60,4952.00,17.54,20.00,-1.91,-0.0270,-0.0407,0
247.80,4956.00,16.96,20.00,-1.96,-0.0231,-0.0486,0
248.00,4960.00,16.37,20.00,-1.99,-0.0288,-0.0403,0
248.20,4964.00,15.79,20.00,-2.00,-0.0296,-0.0379,0
248.40,4968.00,15.20,20.00,-1.99,-0.0278,-0.0404,0
248.60,4972.00,14.63,20.00,-1.96,-0.0251,-0.0307,0
248.80,4976.00,14.07,20.00,-1.91,-0.0267,-0.0386,0
249.00,4980.00,13.52,20.00,-1.84,-0.0331,-0.0349,0
249.20,4984.00,13.01,20.00,-1.75,-0.0288,-0.0388,0
249.40,4988.00,12.52,20.00,-1.64,-0.0284,-0.0269,0
249.60,4992.00,12.06,20.00,-1.52,-0.0247,-0.0218,0
249.80,4996.00,11.64,20.00,-1.38,-0.0225,-0.0309,0
250.00,5000.00,11.27,20.00,-1.23,-0.0247,-0.0197,0
250.20,5004.00,10.93,20.00,-1.07,-0.0200,-0.0078,0
250.40,5008.00,10.65,20.00,-0.89,-0.0134,-0.0237,0
250.60,5012.00,10.41,20.00,-0.71,-0.0105,-0.0035,0
250.80,5016.00,10.22,20.00,-0.52,-0.0070,0.0009,0
251.00,5020.00,10.09,20.00,-0.33,-0.0017,-0.0081,0
251.20,5024.00,10.02,20.00,-0.13,-0.0070,-0.0068,0
251.40,5028.00,10.00,20.00,0.07,-0.0024,-0.0072,0
251.60,5032.00,10.04,20.00,0.27,0.0024,0.0030,0
251.80,5036.00,10.13,20.00,0.47,0.0063,-0.0002,0
252.00,5040.00,10.27,20.00,0.66,0.0103,0.0159,0
252.20,5044.00,10.47,20.00,0.85,0.0157,0.0095,0
252.40,5048.00,10.73,20.00,1.02,0.0189,0.0180,0
252.60,5052.00,11.03,20.00,1.19,0.0206,0.0154,0
252.80,5056.00,11.38,20.00,1.34,0.0226,0.0308,0
253.00,5060.00,11.77,20.00,1.48,0.0277,0.0217,0
253.20,5064.00,12.20,20.00,1.61,0.0236,0.0168,0
253.40,5068.00,12.67,20.00,1.72,0.0237,0.0302,0
253.60,5072.00,13.17,20.00,1.81,0.0317,0.0330,0
253.80,5076.00,13.70,20.00,1.89,0.0338,0.0369,0
254.00,5080.00,14.26,20.00,1.95,0.0294,0.0372,0
254.20,5084.00,14.83,20.00,1.98,0.0260,0.0423,0
254.40,5088.00,15.41,20.00,2.00,0.0248,0.0416,0
254.60,5092.00,16.01,20.00,2.00,0.0292,0.0413,0
254.80,5096.00,16.60,20.00,1.97,0.0310,0.0363,0
255.00,5100.00,17.20,20.00,1.93,0.0276,0.0530,0
255.20,5104.00,17.78,20.00,1.87,0.0257,0.0440,0
255.40,5108.00,18.36,20.00,1.79,0.0238,0.0372,0
255.60,5112.00,18.91,20.00,1.69,0.0185,0.0535,0
255.80,5116.00,19.44,20.00,1.57,0.0112,0.0518,0
256.00,5120.00,19.95,20.00,1.44,0.0051,0.0529,0
256.20,5124.00,20.42,20.00,1.30,0.0107,0.0581,0
256.40,5128.00,20.86,20.00,1.14,0.0029,0.0549,0
256.60,5132.00,21.26,20.00,0.97,0.0001,0.0464,0
256.80,5136.00,21.62,20.00,0.79,-0.0062,0.0576,0
257.00,5140.00,21.93,20.00,0.60,-0.0029,0.0561,0
257.20,5144.00,22.19,20.00,0.41,-0.0152,0.0515,0
257.40,5148.00,22.40,20.00,0.21,-0.0111,0.0515,0
257.60,5152.00,22.57,20.00,0.01,-0.0194,0.0450,0
257.80,5156.00,22.67,20.00,-0.19,-0.0253,0.0490,0
258.00,5160.00,22.73,20.00,-0.39,-0.0236,0.0364,0
258.20,5164.00,22.72,20.00,-0.58,-0.0207,0.0410,0
258.40,5168.00,22.67,20.00,-0.77,-0.0286,0.0394,0
258.60,5172.00,22.56,20.00,-0.95,-0.0293,0.0505,0
258.80,5176.00,22.40,20.00,-1.12,-0.0311,0.0426,0
259.00,5180.00,22.19,20.00,-1.28,-0.0255,0.0367,0
259.20,5184.00,21.94,20.00,-1.43,-0.0277,0.0449,0
259.40,5188.00,21.63,20.00,-1.56,-0.0260,0.0254,0
259.60,5192.00,21.29,20.00,-1.68,-0.0304,0.0240,0
259.80,5196.00,20.90,20.00,-1.78,-0.0306,0.0206,0
260.00,5200.00,20.48,20.00,-1.86,-0.0228,0.0224,0
260.20,5204.00,20.03,20.00,-1.92,-0.0268,0.0197,0
260.40,5208.00,19.55,20.00,-1.97,-0.0230,0.0278,0
260.60,5212.00,19.05,20.00,-1.99,-0.0223,0.0273,0
260.80,5216.00,18.53,20.00,-2.00,-0.0206,0.0179,0
261.00,5220.00,18.00,20.00,-1.98,-0.0122,0.0108,0
261.20,5224.00,17.46,20.00,-1.95,-0.0061,0.0069,0
261.40,5228.00,16.91,20.00,-1.90,-0.0028,0.0118,0
261.60,5232.00,16.37,20.00,-1.82,-0.0063,-0.0047,0
261.80,5236.00,15.83,20.00,-1.73,-0.0043,-0.0037,0
262.00,5240.00,15.30,20.00,-1.62,-0.0009,0.0024,0
262.20,5244.00,14.79,20.00,-1.50,0.0063,-0.0098,0
262.40,5248.00,14.30,20.00,-1.36,0.0094,-0.0102,0
262.60,5252.00,13.83,20.00,-1.21,0.0107,-0.0067,0
262.80,5256.00,13.39,20.00,-1.04,0.0181,-0.0236,0
263.00,5260.00,12.99,20.00,-0.86,0.0193,-0.0239,0
263.20,5264.00,12.61,20.00,-0.68,0.0196,-0.0212,0
263.40,5268.00,12.28,20.00,-0.49,0.0263,-0.0180,0
263.60,5272.00,11.98,20.00,-0.29,0.0251,-0.0224,0
263.80,5276.00,11.73,20.00,-0.09,0.0275,-0.0188,0
264.00,5280.00,11.53,20.00,0.11,0.0254,-0.0257,0
264.20,5284.00,11.37,20.00,0.31,0.0335,-0.0290,0
264.40,5288.00,11.25,20.00,0.50,0.0325,-0.0377,0
264.60,5292.00,11.19,20.00,0.69,0.0340,-0.0392,0
264.80,5296.00,11.17,20.00,0.88,0.0245,-0.0461,0
265.00,5300.00,11.20,20.00,1.05,0.0258,-0.0323,0
265.20,5304.00,11.28,20.00,1.22,0.0312,-0.0348,0
265.40,5308.00,11.40,20.00,1.37,0.0234,-0.0453,0
265.60,5312.00,11.56,20.00,1.51,0.0255,-0.0364,0
265.80,5316.00,11.77,20.00,1.63,0.0212,-0.0456,0
266.00,5320.00,12.02,20.00,1.74,0.0161,-0.0563,0
266.20,5324.00,12.30,20.00,1.83,0.0160,-0.0388,0
266.40,5328.00,12.61,20.00,1.90,0.0097,-0.0475,0
266.60,5332.00,12.96,20.00,1.95,0.0089,-0.0437,0
266.80,5336.00,13.33,20.00,1.99,0.0053,-0.0586,0
267.00,5340.00,13.72,20.00,2.00,-0.0018,-0.0584,0
267.20,5344.00,14.14,20.00,1.99,-0.0016,-0.0445,0
267.40,5348.00,14.57,20.00,1.97,-0.0106,-0.0493,0
267.60,5352.00,15.00,20.00,1.92,-0.0118,-0.0570,0
267.80,5356.00,15.45,20.00,1.86,-0.0087,-0.0412,0
268.00,5360.00,15.89,20.00,1.77,-0.0157,-0.0517,0
268.20,5364.00,16.34,20.00,1.67,-0.0203,-0.0543,0
268.40,5368.00,16.78,20.00,1.55,-0.0197,-0.0506,0
268.60,5372.00,17.20,20.00,1.42,-0.0202,-0.0406,0
268.80,5376.00,17.62,20.00,1.27,-0.0260,-0.0451,0
269.00,5380.00,18.01,20.00,1.11,-0.0250,-0.0516,0
269.20,5384.00,18.39,20.00,0.94,-0.0312,-0.0322,0
269.40,5388.00,18.74,20.00,0.76,-0.0306,-0.0347,0
269.60,5392.00,19.06,20.00,0.57,-0.0303,-0.0415,0
269.80,5396.00,19.35,20.00,0.37,-0.0337,-0.0319,0
270.00,5400.00,19.61,20.00,0.18,-0.0276,-0.0364,0
270.20,5404.00,19.84,20.00,-0.02,-0.0308,-0.0271,0
270.40,5408.00,20.03,20.00,-0.22,-0.0300,-0.0209,0
270.60,5412.00,20.18,20.00,-0.42,-0.0281,-0.0180,0
270.80,5416.00,20.30,20.00,-0.61,-0.0273,-0.0127,0
271.00,5420.00,20.38,20.00,-0.80,-0.0203,-0.0246,0
271.20,5424.00,20.42,20.00,-0.98,-0.0186,-0.0141,0
271.40,5428.00,20.42,20.00,-1.15,-0.0179,-0.0123,0
271.60,5432.00,20.38,20.00,-1.31,-0.0072,-0.0042,0
271.80,5436.00,20.31,20.00,-1.45,-0.0039,-0.0167,0
272.00,5440.00,20.20,20.00,-1.58,-0.0067,-0.0073,0
272.20,5444.00,20.06,20.00,-1.70,0.0019,0.0037,0
272.40,5448.00,19.89,20.00,-1.79,-0.0000,-0.0050,0
272.60,5452.00,19.69,20.00,-1.87,0.0009,0.0033,0
272.80,5456.00,19.46,20.00,-1.93,0.0054,0.0105,0
273.00,5460.00,19.21,20.00,-1.97,0.0106,0.0026,0
273.20,5464.00,18.94,20.00,-2.00,0.0110,0.0110,0
273.40,5468.00,18.66,20.00,-2.00,0.0191,0.0244,0
273.60,5472.00,18.36,20.00,-1.98,0.0250,0.0131,0
273.80,5476.00,18.04,20.00,-1.94,0.0245,0.0212,0
274.00,5480.00,17.73,20.00,-1.89,0.0221,0.0161,0
274.20,5484.00,17.40,20.00,-1.81,0.0248,0.0206,0
274.40,5488.00,17.08,20.00,-1.71,0.0259,0.0393,0
274.60,5492.00,16.76,20.00,-1.60,0.0337,0.0348,0
274.80,5496.00,16.45,20.00,-1.48,0.0275,0.0328,0
275.00,5500.00,16.14,20.00,-1.33,0.0328,0.0267,0
275.20,5504.00,15.85,20.00,-1.18,0.0343,0.0434,0
275.40,5508.00,15.57,20.00,-1.01,0.0311,0.0484,0
275.60,5512.00,15.32,20.00,-0.83,0.0241,0.0429,0
275.80,5516.00,15.08,20.00,-0.65,0.0260,0.0459,0
276.00,5520.00,14.86,20.00,-0.46,0.0189,0.0464,0
276.20,5524.00,14.67,20.00,-0.26,0.0222,0.0479,0
276.40,5528.00,14.51,20.00,-0.06,0.0208,0.0494,0
276.60,5532.00,14.37,20.00,0.14,0.0107,0.0520,0
276.80,5536.00,14.26,20.00,0.34,0.0154,0.0433,0
277.00,5540.00,14.18,20.00,0.53,0.0112,0.0469,0
277.20,5544.00,14.12,20.00,0.72,0.0031,0.0500,0
277.40,5548.00,14.10,20.00,0.91,0.0032,0.0597,0
277.60,5552.00,14.10,20.00,1.08,-0.0029,0.0497,0
277.80,5556.00,14.13,20.00,1.24,-0.0051,0.0488,0
278.00,5560.00,14.19,20.00,1.39,-0.0050,0.0528,0
278.20,5564.00,14.28,20.00,1.53,-0.0169,0.0469,0
278.40,5568.00,14.39,20.00,1.65,-0.0114,0.0467,0
278.60,5572.00,14.52,20.00,1.75,-0.0158,0.0515,0
278.80,5576.00,14.67,20.00,1.84,-0.0260,0.0472,0
279.00,5580.00,14.84,20.00,1.91,-0.0255,0.0475,0
279.20,5584.00,15.02,20.00,1.96,-0.0275,0.0517,0
279.40,5588.00,15.22,20.00,1.99,-0.0295,0.0437,0
279.60,5592.00,15.43,20.00,2.00,-0.0321,0.0502,0
279.80,5596.00,15.64,20.00,1.99,-0.0281,0.0412,0
280.00,5600.00,15.86,20.00,1.96,-0.0333,0.0339,0
280.20,5604.00,16.08,20.00,1.91,-0.0346,0.0388,0
280.40,5608.00,16.30,20.00,1.84,-0.0324,0.0276,0
280.60,5612.00,16.52,20.00,1.76,-0.0239,0.0319,0
280.80,5616.00,16.73,20.00,1.65,-0.0309,0.0331,0
281.00,5620.00,16.93,20.00,1.53,-0.0302,0.0211,0
281.20,5624.00,17.13,20.00,1.39,-0.0262,0.0307,0
281.40,5628.00,17.30,20.00,1.24,-0.0234,0.0256,0
281.60,5632.00,17.46,20.00,1.08,-0.0191,0.0077,0
281.80,5636.00,17.61,20.00,0.91,-0.0191,0.0157,0
282.00,5640.00,17.73,20.00,0.73,-0.0125,0.0116,0
282.20,5644.00,17.83,20.00,0.54,-0.0063,-0.0012,0
282.40,5648.00,17.91,20.00,0.34,-0.0086,0.0145,0
282.60,5652.00,17.97,20.00,0.14,-0.0070,0.0101,0
282.80,5656.00,18.00,20.00,-0.06,-0.0034,0.0049,0
283.00,5660.00,18.01,20.00,-0.26,0.0095,-0.0037,0
283.20,5664.00,17.99,20.00,-0.45,0.0064,-0.0083,0
283.40,5668.00,17.96,20.00,-0.64,0.0153,-0.0132,0
283.60,5672.00,17.89,20.00,-0.83,0.0125,-0.0162,0
283.80,5676.00,17.81,20.00,-1.01,0.0204,-0.0206,0
284.00,5680.00,17.70,20.00,-1.18,0.0189,-0.0154,0
284.20,5684.00,17.58,20.00,-1.33,0.0279,-0.0175,0
284.40,5688.00,17.44,20.00,-1.47,0.0269,-0.0315,0
284.60,5692.00,17.28,20.00,-1.60,0.0225,-0.0258,0
284.80,5696.00,17.10,20.00,-1.71,0.0290,-0.0260,0
285.00,5700.00,16.92,20.00,-1.81,0.0292,-0.0297,0
285.20,5704.00,16.72,20.00,-1.88,0.0291,-0.0358,0
285.40,5708.00,16.52,20.00,-1.94,0.0303,-0.0372,0
285.60,5712.00,16.31,20.00,-1.98,0.0316,-0.0342,0
285.80,5716.00,16.11,20.00,-2.00,0.0272,-0.0420,0
286.00,5720.00,15.90,20.00,-2.00,0.0266,-0.0470,0
286.20,5724.00,15.70,20.00,-1.98,0.0309,-0.0396,0
286.40,5728.00,15.50,20.00,-1.93,0.0259,-0.0537,0
286.60,5732.00,15.31,20.00,-1.87,0.0237,-0.0490,0
286.80,5736.00,15.14,20.00,-1.79,0.0187,-0.0410,0
287.00,5740.00,14.98,20.00,-1.70,0.0154,-0.0480,0
287.20,5744.00,14.83,20.00,-1.58,0.0104,-0.0499,0
287.40,5748.00,14.71,20.00,-1.45,0.0097,-0.0576,0
287.60,5752.00,14.60,20.00,-1.31,0.0025,-0.0479,0
287.80,5756.00,14.52,20.00,-1.15,-0.0013,-0.0507,0
288.00,5760.00,14.47,20.00,-0.98,0.0034,-0.0594,0
288.20,5764.00,14.43,20.00,-0.80,-0.0026,-0.0442,0
288.40,5768.00,14.43,20.00,-0.62,-0.0075,-0.0465,0
288.60,5772.00,14.45,20.00,-0.42,-0.0105,-0.0415,0
288.80,5776.00,14.49,20.00,-0.23,-0.0124,-0.0437,0
289.00,5780.00,14.57,20.00,-0.03,-0.0196,-0.0500,0
289.20,5784.00,14.67,20.00,0.17,-0.0211,-0.0548,0
289.40,5788.00,14.79,20.00,0.37,-0.0232,-0.0484,0
289.60,5792.00,14.95,20.00,0.57,-0.0235,-0.0496,0
289.80,5796.00,15.12,20.00,0.75,-0.0279,-0.0373,0
290.00,5800.00,15.32,20.00,0.94,-0.0240,-0.0460,0
290.20,5804.00,15.54,20.00,1.11,-0.0279,-0.0469,0
290.40,5808.00,15.78,20.00,1.27,-0.0260,-0.0296,0
290.60,5812.00,16.03,20.00,1.42,-0.0267,-0.0319,0
290.80,5816.00,16.30,20.00,1.55,-0.0260,-0.0332,0
291.00,5820.00,16.57,20.00,1.67,-0.0331,-0.0276,0
291.20,5824.00,16.86,20.00,1.77,-0.0310,-0.0302,0
291.40,5828.00,17.15,20.00,1.85,-0.0275,-0.0204,0
291.60,5832.00,17.44,20.00,1.92,-0.0265,-0.0234,0
291.80,5836.00,17.74,20.00,1.97,-0.0181,-0.0238,0
292.00,5840.00,18.02,20.00,1.99,-0.0199,-0.0219,0
292.20,5844.00,18.30,20.00,2.00,-0.0133,-0.0198,0
292.40,5848.00,18.57,20.00,1.99,-0.0103,-0.0167,0
292.60,5852.00,18.82,20.00,1.95,-0.0142,-0.0003,0
292.80,5856.00,19.06,20.00,1.90,-0.0103,-0.0029,0
293.00,5860.00,19.28,20.00,1.83,-0.0008,-0.0011,0
293.20,5864.00,19.47,20.00,1.74,0.0020,0.0064,0
293.40,5868.00,19.64,20.00,1.63,0.0026,-0.0071,0
293.60,5872.00,19.78,20.00,1.51,0.0031,0.0015,0
293.80,5876.00,19.89,20.00,1.37,0.0124,0.0095,0
294.00,5880.00,19.97,20.00,1.22,0.0172,0.0192,0
294.20,5884.00,20.01,20.00,1.05,0.0128,0.0188,0
294.40,5888.00,20.02,20.00,0.88,0.0197,0.0107,0
294.60,5892.00,20.00,20.00,0.69,0.0209,0.0246,0
294.80,5896.00,19.94,20.00,0.50,0.0289,0.0264,0
295.00,5900.00,19.84,20.00,0.31,0.0281,0.0332,0
295.20,5904.00,19.71,20.00,0.11,0.0278,0.0323,0
295.40,5908.00,19.55,20.00,-0.09,0.0330,0.0310,0
295.60,5912.00,19.35,20.00,-0.29,0.0285,0.0308,0
295.80,5916.00,19.11,20.00,-0.49,0.0301,0.0371,0
296.00,5920.00,18.85,20.00,-0.68,0.0249,0.0412,0
296.20,5924.00,18.56,20.00,-0.86,0.0294,0.0448,0
296.40,5928.00,18.24,20.00,-1.04,0.0307,0.0412,0
296.60,5932.00,17.90,20.00,-1.20,0.0268,0.0392,0
296.80,5936.00,17.53,20.00,-1.36,0.0252,0.0411,0
297.00,5940.00,17.15,20.00,-1.50,0.0269,0.0407,0
297.20,5944.00,16.76,20.00,-1.62,0.0193,0.0539,0
297.40,5948.00,16.35,20.00,-1.73,0.0199,0.0462,0
297.60,5952.00,15.94,20.00,-1.82,0.0124,0.0384,0
297.80,5956.00,15.52,20.00,-1.89,0.0086,0.0509,0
298.00,5960.00,15.11,20.00,-1.95,0.0061,0.0397,0
298.20,5964.00,14.70,20.00,-1.98,0.0030,0.0493,0
298.40,5968.00,14.30,20.00,-2.00,-0.0005,0.0499,0
298.60,5972.00,13.91,20.00,-1.99,-0.0037,0.0576,0
298.80,5976.00,13.54,20.00,-1.97,-0.0049,0.0521,0
299.00,5980.00,13.19,20.00,-1.93,-0.0109,0.0573,0
299.20,5984.00,12.86,20.00,-1.86,-0.0165,0.0548,0
299.40,5988.00,12.56,20.00,-1.78,-0.0188,0.0418,0
299.60,5992.00,12.30,20.00,-1.68,-0.0227,0.0428,0
299.80,5996.00,12.06,20.00,-1.56,-0.0204,0.0506,0
300.00,6000.00,11.87,20.00,-1.43,-0.0274,0.0484,0
300.20,6004.00,11.71,20.00,-1.28,-0.0266,0.0504,0
300.40,6008.00,11.59,20.00,-1.12,-0.0257,0.0483,0
300.60,6012.00,11.52,20.00,-0.95,-0.0325,0.0431,0
300.80,6016.00,11.49,20.00,-0.77,-0.0246,0.0456,0
301.00,6020.00,11.51,20.00,-0.58,-0.0272,0.0359,0
301.20,6024.00,11.57,20.00,-0.39,-0.0280,0.0359,0
301.40,6028.00,11.68,20.00,-0.19,-0.0283,0.0382,0
301.60,6032.00,11.83,20.00,0.01,-0.0313,0.0375,0
301.80,6036.00,12.02,20.00,0.21,-0.0272,0.0318,0
302.00,6040.00,12.26,20.00,0.40,-0.0282,0.0223,0
302.20,6044.00,12.54,20.00,0.60,-0.0201,0.0149,0
302.40,6048.00,12.86,20.00,0.79,-0.0211,0.0278,0
302.60,6052.00,13.22,20.00,0.97,-0.0180,0.0141,0
302.80,6056.00,13.61,20.00,1.14,-0.0108,0.0057,0
303.00,6060.00,14.03,20.00,1.29,-0.0102,0.0129,0
303.20,6064.00,14.48,20.00,1.44,-0.0120,0.0087,0
303.40,6068.00,14.95,20.00,1.57,-0.0081,-0.0017,0
303.60,6072.00,15.44,20.00,1.69,-0.0052,0.0009,0
303.80,6076.00,15.95,20.00,1.79,0.0070,0.0034,0
304.00,6080.00,16.46,20.00,1.87,0.0038,-0.0004,0
304.20,6084.00,16.99,20.00,1.93,0.0072,-0.0058,0
304.40,6088.00,17.51,20.00,1.97,0.0095,-0.0128,0
304.60,6092.00,18.03,20.00,2.00,0.0203,-0.0087,0
304.80,6096.00,18.54,20.00,2.00,0.0168,-0.0095,0
305.00,6100.00,19.04,20.00,1.98,0.0261,-0.0124,0
305.20,6104.00,19.52,20.00,1.95,0.0272,-0.0283,0
305.40,6108.00,19.98,20.00,1.89,0.0239,-0.0165,0
305.60,6112.00,20.42,20.00,1.82,0.0281,-0.0228,0
305.80,6116.00,20.82,20.00,1.72,0.0332,-0.0371,0
306.00,6120.00,21.19,20.00,1.61,0.0252,-0.0265,0
306.20,6124.00,21.52,20.00,1.49,0.0320,-0.0268,0
306.40,6128.00,21.81,20.00,1.35,0.0295,-0.0394,0
306.60,6132.00,22.06,20.00,1.19,0.0251,-0.0331,0
306.80,6136.00,22.26,20.00,1.02,0.0320,-0.0428,0
307.00,6140.00,22.41,20.00,0.85,0.0279,-0.0421,0
307.20,6144.00,22.50,20.00,0.66,0.0210,-0.0472,0
307.40,6148.00,22.55,20.00,0.47,0.0274,-0.0405,0
307.60,6152.00,22.55,20.00,0.28,0.0218,-0.0434,0
307.80,6156.00,22.49,20.00,0.08,0.0218,-0.0516,0
308.00,6160.00,22.38,20.00,-0.12,0.0116,-0.0495,0
308.20,6164.00,22.22,20.00,-0.32,0.0153,-0.0537,0
308.40,6168.00,22.00,20.00,-0.52,0.0067,-0.0540,0
308.60,6172.00,21.74,20.00,-0.71,0.0101,-0.0502,0
308.80,6176.00,21.43,20.00,-0.89,-0.0016,-0.0520,0
309.00,6180.00,21.08,20.00,-1.07,-0.0053,-0.0403,0
309.20,6184.00,20.68,20.00,-1.23,-0.0064,-0.0458,0
309.40,6188.00,20.25,20.00,-1.38,-0.0115,-0.0542,0
309.60,6192.00,19.78,20.00,-1.52,-0.0094,-0.0546,0
309.80,6196.00,19.28,20.00,-1.64,-0.0101,-0.0525,0
310.00,6200.00,18.75,20.00,-1.75,-0.0197,-0.0388,0
310.20,6204.00,18.20,20.00,-1.84,-0.0229,-0.0523,0
310.40,6208.00,17.63,20.00,-1.91,-0.0193,-0.0531,0
310.60,6212.00,17.05,20.00,-1.96,-0.0252,-0.0514,0
310.80,6216.00,16.47,20.00,-1.99,-0.0270,-0.0515,0
311.00,6220.00,15.88,20.00,-2.00,-0.0316,-0.0333,0
311.20,6224.00,15.29,20.00,-1.99,-0.0305,-0.0304,0
311.40,6228.00,14.72,20.00,-1.96,-0.0338,-0.0401,0
311.60,6232.00,14.15,20.00,-1.92,-0.0311,-0.0402,0
311.80,6236.00,13.61,20.00,-1.85,-0.0264,-0.0268,0
312.00,6240.00,13.09,20.00,-1.76,-0.0294,-0.0235,0
312.20,6244.00,12.59,20.00,-1.66,-0.0244,-0.0342,0
312.40,6248.00,12.13,20.00,-1.54,-0.0279,-0.0348,0
312.60,6252.00,11.71,20.00,-1.41,-0.0274,-0.0224,0
312.80,6256.00,11.32,20.00,-1.26,-0.0217,-0.0247,0
313.00,6260.00,10.98,20.00,-1.10,-0.0218,-0.0104,0
313.20,6264.00,10.69,20.00,-0.92,-0.0210,-0.0212,0
313.40,6268.00,10.44,20.00,-0.74,-0.0178,-0.0111,0
313.60,6272.00,10.25,20.00,-0.55,-0.0114,-0.0181,0
313.80,6276.00,10.11,20.00,-0.36,-0.0056,-0.0046,0
314.00,6280.00,10.03,20.00,-0.16,0.0006,-0.0102,0
314.20,6284.00,10.00,20.00,0.04,-0.0042,0.0082,0
314.40,6288.00,10.03,20.00,0.24,0.0020,0.0004,0
314.60,6292.00,10.11,20.00,0.44,0.0097,0.0046,0
314.80,6296.00,10.25,20.00,0.63,0.0063,-0.0001,0
315.00,6300.00,10.44,20.00,0.82,0.0149,0.0154,0
315.20,6304.00,10.68,20.00,0.99,0.0162,0.0075,0
315.40,6308.00,10.98,20.00,1.16,0.0204,0.0185,0
315.60,6312.00,11.32,20.00,1.32,0.0219,0.0129,0
315.80,6316.00,11.70,20.00,1.46,0.0229,0.0270,0
316.00,6320.00,12.13,20.00,1.59,0.0250,0.0311,0
316.20,6324.00,12.60,20.00,1.70,0.0312,0.0281,0
316.40,6328.00,13.09,20.00,1.80,0.0302,0.0330,0
316.60,6332.00,13.62,20.00,1.88,0.0329,0.0352,0
316.80,6336.00,14.17,20.00,1.94,0.0251,0.0411,0
317.00,6340.00,14.74,20.00,1.98,0.0265,0.0444,0
317.20,6344.00,15.32,20.00,2.00,0.0326,0.0491,0
317.40,6348.00,15.91,20.00,2.00,0.0317,0.0407,0
317.60,6352.00,16.51,20.00,1.98,0.0241,0.0444,0
317.80,6356.00,17.10,20.00,1.94,0.0223,0.0497,0
318.00,6360.00,17.69,20.00,1.88,0.0218,0.0470,0
318.20,6364.00,18.27,20.00,1.80,0.0202,0.0564,0
318.40,6368.00,18.82,20.00,1.71,0.0201,0.0492,0
318.60,6372.00,19.36,20.00,1.59,0.0154,0.0521,0
318.80,6376.00,19.87,20.00,1.46,0.0113,0.0444,0
319.00,6380.00,20.35,20.00,1.32,0.0037,0.0596,0
319.20,6384.00,20.80,20.00,1.16,0.0075,0.0466,0
319.40,6388.00,21.20,20.00,1.00,-0.0039,0.0555,0
319.60,6392.00,21.57,20.00,0.82,-0.0040,0.0448,0
319.80,6396.00,21.88,20.00,0.63,-0.0033,0.0444,0
320.00,6400.00,22.15,20.00,0.44,-0.0145,0.0402,0
320.20,6404.00,22.37,20.00,0.24,-0.0184,0.0434,0
320.40,6408.00,22.54,20.00,0.04,-0.0135,0.0417,0
320.60,6412.00,22.66,20.00,-0.16,-0.0208,0.0506,0
320.80,6416.00,22.72,20.00,-0.36,-0.0189,0.0472,0
321.00,6420.00,22.73,20.00,-0.55,-0.0271,0.0485,0
321.20,6424.00,22.68,20.00,-0.74,-0.0241,0.0484,0
321.40,6428.00,22.58,20.00,-0.92,-0.0319,0.0443,0
321.60,6432.00,22.43,20.00,-1.09,-0.0255,0.0319,0
321.80,6436.00,22.23,20.00,-1.26,-0.0310,0.0399,0
322.00,6440.00,21.98,20.00,-1.40,-0.0251,0.0293,0
322.20,6444.00,21.68,20.00,-1.54,-0.0281,0.0355,0
322.40,6448.00,21.35,20.00,-1.66,-0.0262,0.0393,0
322.60,6452.00,20.97,20.00,-1.76,-0.0317,0.0282,0
322.80,6456.00,20.55,20.00,-1.85,-0.0236,0.0237,0
323.00,6460.00,20.11,20.00,-1.92,-0.0233,0.0297,0
323.20,6464.00,19.63,20.00,-1.96,-0.0178,0.0146,0
323.40,6468.00,19.13,20.00,-1.99,-0.0180,0.0190,0
323.60,6472.00,18.62,20.00,-2.00,-0.0174,0.0232,0
323.80,6476.00,18.09,20.00,-1.99,-0.0101,0.0210,0
324.00,6480.00,17.54,20.00,-1.96,-0.0089,0.0177,0
324.20,6484.00,17.00,20.00,-1.91,-0.0112,0.0056,0
324.40,6488.00,16.46,20.00,-1.84,-0.0047,0.0050,0
324.60,6492.00,15.92,20.00,-1.75,0.0020,0.0045,0
324.80,6496.00,15.39,20.00,-1.64,0.0036,-0.0096,0
325.00,6500.00,14.87,20.00,-1.52,0.0063,-0.0004,0
325.20,6504.00,14.38,20.00,-1.38,0.0063,-0.0148,0
325.40,6508.00,13.91,20.00,-1.23,0.0115,-0.0098,0
325.60,6512.00,13.46,20.00,-1.07,0.0131,-0.0230,0
325.80,6516.00,13.05,20.00,-0.89,0.0234,-0.0151,0
326.00,6520.00,12.67,20.00,-0.71,0.0192,-0.0171,0
326.20,6524.00,12.33,20.00,-0.52,0.0277,-0.0225,0
326.40,6528.00,12.03,20.00,-0.32,0.0218,-0.0163,0
326.60,6532.00,11.77,20.00,-0.13,0.0249,-0.0376,0
326.80,6536.00,11.56,20.00,0.07,0.0309,-0.0351,0
327.00,6540.00,11.39,20.00,0.27,0.0249,-0.0276,0
327.20,6544.00,11.27,20.00,0.47,0.0344,-0.0308,0
327.40,6548.00,11.20,20.00,0.66,0.0336,-0.0376,0
327.60,6552.00,11.17,20.00,0.85,0.0334,-0.0299,0
327.80,6556.00,11.19,20.00,1.02,0.0234,-0.0413,0
328.00,6560.00,11.26,20.00,1.19,0.0301,-0.0490,0
328.20,6564.00,11.38,20.00,1.34,0.0301,-0.0342,0
328.40,6568.00,11.53,20.00,1.49,0.0270,-0.0419,0
328.60,6572.00,11.73,20.00,1.61,0.0206,-0.0542,0
328.80,6576.00,11.97,20.00,1.72,0.0210,-0.0513,0
329.00,6580.00,12.25,20.00,1.81,0.0154,-0.0543,0
329.20,6584.00,12.56,20.00,1.89,0.0095,-0.0486,0
329.40,6588.00,12.90,20.00,1.95,0.0119,-0.0413,0
329.60,6592.00,13.27,20.00,1.98,0.0042,-0.0571,0
329.80,6596.00,13.66,20.00,2.00,-0.0002,-0.0598,0
330.00,6600.00,14.07,20.00,2.00,-0.0021,-0.0456,0
330.20,6604.00,14.50,20.00,1.97,-0.0088,-0.0418,0
330.40,6608.00,14.93,20.00,1.93,-0.0129,-0.0444,0
330.60,6612.00,15.38,20.00,1.87,-0.0154,-0.0504,0
330.80,6616.00,15.82,20.00,1.79,-0.0139,-0.0486,0
331.00,6620.00,16.27,20.00,1.69,-0.0238,-0.0418,0
331.20,6624.00,16.71,20.00,1.57,-0.0244,-0.0467,0
331.40,6628.00,17.14,20.00,1.44,-0.0263,-0.0359,0
